term,baku
aambil,ambil
abis,habis
accesoris,aksesoris
access,akses
accessoris,aksesoris
account,akun
accountig,akuntansi
accounting,akuntansi
active,aktif
activitas,aktivitas
ad,ada
address,alamat
adlh,adalah
adm,pengelola
admin,pengelola
adohhhhh,jauh
advance,ahli
advanced,ahli
again,lagi
agent,agen
agust,agustus
ahirnya,akhir
aj,saja
aja,saja
ajah,saja
akbid,akademi kebidanan
akherat,akhirat
akhirny,akhir
aktivasinya,aktivasi
aktvtas,aktivitas
alamiah,alami
alhamd,alhamdulillah
alhamdulilah,alhamdulillah
alhamdulilla,alhamdulillah
alhamdulillaah,alhamdulillah
alhamdulillah,alhamdulillah
alhamdulliah,alhamdulillah
alhamdullilah,alhamdulillah
alhamndulillah,alhamdulillah
alhmdlh,alhamdulillah
alhmdulillah,alhamdulillah
all,semua
allah,tuhan
alloh,tuhan
alo,alokasi
alternatip,alternatif
amanny,aman
amazing,mengagumkan
ambl,ambil
amien,amin
amiieen,amin
amiiin,amin
amiiinn,amin
amiin,amin
aminnnn,amin
ampe,sampai
analisanya,analisa
analysis,analisis
and,dan
andal,handal
ane,saya
angaran,anggaran
anggar,anggaran
anggarannyah,anggaran
anggora,anggota
angkotnya,angkot
angsurang,angsuran
angus,hangus
apapunkondisinya,apapun kondisinya
apartement,apartemen
aplgi,apa lagi
aq,aku
aqsense,iklan
aqua,air minum
are,arena
artekal,artikel
article,artikel
aslkan,asal
ass,asallamualaikum
assalaamu,asallamualaikum
assalamu,asallamualaikum
asset,aset
asurasi,asuransi
asyiiik,asyik
atawa,atau
atm,anjungan tunai mandiri
ato,atau
ats,atas
attack,serang
atw,atau
atwpun,atau
auto,otomatis
automatic,otomatis
automation,otomatis
ayok,ayo
ayuk,ayo
az,saja
aza,saja
baba,baca
back,belakang
background,latar belakang
backup,cadangkan
baek,baik
baekin,baik
bagaimnah,bagaimana
bagmana,bagaimana
bail,baik
bair,baik
balance,seimbang
balans,seimbang
bandingin,banding
bangat,banget
bangets,banget
bangetz,banget
banking,bank
bantuin,bantu
banyakk,banyak
banyaknnya,banyak
baoknya,baik
bari,baru
barusaja,baru saja
barusan,baru saja
batavia,jakarta
bathin,batin
bayangin,bayang
bbm,bahan bakar minyak
bbmnya,bahan bakar minyak
beaya,biaya
bebanding,berbanding
bedain,beda
befikir,berfikir
begitchu,begitu
begitulahh,begitu
bego,bodoh
begono,begitu
bekembang,berkembang
beliin,beli
belikan,beli
benefitnya,benefit
bener,benar
benul,betul
beranta,berantas
berdsrkan,berdasarkan
berektension,berekstensi
berfikir,pikir
berfikiran,pikir
berfikirlah,pikir
berfikirnya,pikir
berhadian,berhadiah
berkalilipat,berkali lipat
berkembangbiak,berkembang biak
berlipatlipat,berlipat-lipat
berm,bermanfaat
bermnanfaat,bermanfaat
beroprasi,beroperasi
bersiap,siap
bersilaturahim,silaturahmi
bertanggungjawab,bertanggung jawab
bertmbh,bertambah
berulangkali,berulang kali
besarin,besar
betterarchive,arsip yang lebih baik
betulll,betul
bgi,bagaimana
bgimana,bagaimana
bgini,seperti ini
bginian,seperti ini
bgm,bagaimana
bgmn,bagaimana
bgs,bagus
bgt,banget
bgtu,seperti itu
bgus,bagus
biarpun,biar
bimbngan,bimbingan
binggun,bingung
binggung,bingung
bis,bisa
bisaaa,bisa
bisikn,bisik
biskota,bus kota
bisnisman,pebisnis
biyaya,biaya
bka,bukan
bkan,bukan
bkn,bukan
bl,bila
bla,bila
blacklist,daftar hitam
blajar,belajar
blanja,belanja
bljr,belajar
blkg,belakang
blm,belum
bln,bulan
blng,bilang
blnya,bulan
blo,blok
bloc,blok
blocked,blok
blom,belum
blsan,balas
blum,belum
bner,benar
bnget,banget
bngt,banget
bnr,benar
bnyak,banyak
bnyk,banyak
boat,kapal
bodo,bodoh
body,tubuh
bokap,ayah
boking,pesan
bole,boleh
booking,pesan
booming,terkenal
borossssssssssss,boros
bosen,bosan
boss,bos
bossnya,bos
box,kotak
bpk,bapak
bpkb,bukti pajak kendaraan bermotor
brand,merk
brapa,berapa
brapo,berapa
brarti,berarti
brbisnis,bisnis
brfikirnya,pikir
brg,barang
brharap,berharap
brinvestasi,investasi
brng,barang
brp,berapa
brrti,berarti
brsh,bersih
bru,baru
bs,bisa
bsa,bisa
bsr,besar
btuh,butuh
btw,ngomong-omong
budget,dana
budgetting,dana
buget,dana
bukankah,bukan
bulanya,bulan
bulnan,bulan
bumiputera,bumi putera
bumn,badan usaha milik negara
bungaya,bunga
business,bisnis
but,tetapi
buuuaannyyyaakkkkkkkkkkkk,banyak
bwt,buat
by,oleh
bye,selamat tinggal
byk,banyak
byr,bayar
cakepp,cakep
call,panggil
campaigne,kampanye
cantoh,contoh
capa,capai
cape,capek
capture,abadikan
car,mobil
care,peduli
cargo,kargo
carry,cari
cas,kas
casflow,aliran kas
cash,tunai
cashback,kembalian
cashflow,aliran tunai
cashflowny,aliran tunai
cashnya,tunai
cast,peran
casteris,pemeran
cat,kucing
cb,coba
ceman,Cuma
cemilir,semilir
center,tengah
cepet,cepat
cepi,sepi
ceppe,sepi
ceritain,cerita
cesh,tunai
chaaabbbbeeeeeee,cabai
cheers,salam
china,cina
chines,cina
chinese,cina
cicilanmah,cicil
ckp,cukup
ckup,cukup
clean,bersih
client,klien
close,tutup
club,klub
cluster,kluster
cm,sentimeter
cmiiw,benarkan jika saya salah
cmn,cuman
coach,pelatih
cobain,coba
come,datang
coment,komen
comentarnya,komen
comment,komen
commentnya,komen
complicated,komplikasi
compromised,kompromi
computer,komputer
conec,konek
continyu,lanjut
contohnyah,contoh
cool,keren
copian,salin
copy,salin
correct,benar
cost,biaya
counter,hitung
credit,kredit
creditannya,kredit
ctt,catat
cuba,coba
cucuk,cucu
cukupin,cukup
currency,nilai tukar
customer,pelanggan
dalem,dalam
dalkukan,dilakukan
dalm,dalam
damage,efek yang diterima
danmendapat,dan mendapat
dapaet,dapat
dapet,dapat
dapetin,dapat
daripda,daripada
darisana,dari sana
database,penyimpanan data
dbkin,dibikin
dead,mati
deal,sepakat
dealer,tempat yang menjual kendaraan
dealernya,tempat yang menjual kendaraan
dear,teruntuk
default,aslinya
degan,dengan
dengn,dengan
depa,depan
departeman,departemen
departemenya,departemen
depkeu,departemen keuangan
designer,desainer
develop,pengembangan
developer,pengembang
development,pengembangan
dewe,sendiri
dfikir,pikir
dg,dengan
dgan,dengan
dgn,dengan
dgunakan,guna
diakir,akhir
dibandikan,banding
dibandingakan,banding
dibandingin,banding
dibandinginnya,banding
dibayarin,bayar
dibelakangny,belakang
dibeliin,beli
dibisnisin,bisnis
diblang,bilang
dibli,beli
dicopy,salin
dicover,bawa
dicukup,cukup
didalamny,dalam
didownload,unduh
diibawah,bawah
diimport,impor
diinstal,pasang
diinstall,pasang
diinvestasiin,investasi
diitung,hitung
dijadiin,jadi
dijln,jalan
dikeluarin,keluar
dikembangbiakkan,kembang biak
dikeridit,kredit
diketawain,tertawa
dikirimin,kirim
dikit,sedikit
dilebarin,lebar
dilindungin,lindung
dimanfaatin,manfaat
dimasukin,masuk
dinaekan,naik
diomongin,omong
dipake,pakai
dipaksain,paksa
dipikirin,pikir
dipikirkredit,pikir kredit
dipisahin,pisah
diridhoi,ridho
dirikita,diri kita
disandingin,sanding
disclaimer,peringatan
discount,diskon
disekolahin,sekolah
disk,cakram
distribute,distribusi
ditabungin,tabung
diterusin,terus
ditya,tanya
diujicoba,uji coba
diupdate,baru
diupgrade,baru
dkk,dan kawan kawan
dl,dulu
dliat,lihat
dlllllllll,dan lain lain
dlm,dalam
dlu,dulu
dn,dan
dng,dengan
dngn,dengan
doain,doa
doang,saja
doank,saja
dok,dokter
dolo,dulu
dompetmah,dompet
done,selesai
dongg,dong
donk,dong
donwload,unduh
dot,titik
download,unduh
dpaksa,dipaksa
dpat,dapat
dpt,dapat
dr,dari
draft,draf
dream,mimpi
dri,dari
driver,pengemudi
drpd,daripada
dst,dan seterusnya
dtengah,tengah
dtunggu,tunggu
duhhh,duh
duid,duit
duitx,duit
duniaaaaaaaa,dunia
economic,ekonomi
edam,gila
edan,gila
edition,edisi
efektive,efektif
efesien,efisien
effective,efektif
effisien,efisien
efisiensi,efisien
ekonm,ekonomi
elmu,ilmu
elmunyah,ilmu
elo,kamu
emang,memang
emg,memang
emnggunakan,guna
empunya,empu
endapin,endapan
enggak,tidak
enjoy,nikmat
entar,nanti
ente,anda
erima,terima
error,eror
errornya,eror
erti,mengerti
etc,dan lain sebagainya
exception,kecuali
excited,senang
exit,keluar
expenses,mahal
express,cepat
exsample,contoh
extra,ekstra
extremis,ekstrimis
face,wajah
failed,gagal
fair,imbang
famili,keluarga
family,keluarga
fee,harga
fighter,petarung
fikir,pikir
fikiran,pikir
fikiranya,pikir
filenya,file
files,file
filosopi,filosofi
finanasial,finansial
finance,finansial
financenya,finansial
financial,finansial
financing,finansial
finansial,finansial
fine,baik
fiturnya,fitur
fix,terselesaikan
fixed,diselesaikan
flat,datar
fleksible,fleksibel
flexibilitas,fleksibilitas
flow,alir
fondasi,pondasi
for,untuk
found,temu
free,gratis
freeware,perangkat lunak gratis
fresh,segar
from,dari
full,penuh
fundamentals,fundamental
furniture,perkakas
future,masa depan
fyi,informasi untukmu
g,tidak
ga,tidak
gabisa,tidak bisa
gak,tidak
gakda,tidak ada
gakpapa,tidak apa-apa
galaxi,galaksi
gapapa,tidak apa-apa
gape,gapai
gensi,gengsi
gimaana,gimana
gimanapun,gimana
gimmick,waut wajah
glngan,golongan
gmana,gimana
gmn,gimana
gmna,gimana
goblok,bodoh
gold,emas
good,bagus
gooooood,bagus
gooooooooooood,bagus
goooooooooooooood,bagus
gpp,tidak apa-apa
great,besar
group,grup
growth,tumbuh
hallo,halo
hand,tangan
handphonenya,ponsel
hany,hanya
harapa,harapan
hard,sulit
hargannya,harganya
harganyaa,harganya
harmful,bahaya
hitug,hitung
hitunganya,hitung
hitungx,hitung
hlng,hilang
hny,hanya
home,rumah
hot,panas
hp,ponsel
hr,hari
hrg,harga
hrga,harga
hrs,harus
hrus,harus
hub,hubung
hudaya,budaya
hutangrp,hutang
iallah,ialah
iatas,atas
idup,hidup
if,jika
iklas,ikhlas
iklash,ikhlas
ilang,hilang
image,gambar
imaging,gambar
income,pendapatan
indnsia,indonesia
industry,industri
information,informasi
inget,ingat
ingn,ingin
inih,ini
inpestasikan,investasi
inpormasikan,informasi
input,masuk
insert,sisip
inspection,inspeksi
instant,instan
interest,menarik
interested,menarik
internetnya,internet
intinyah,inti
intinye,inti
invest,investasi
investasi,investasi
investasiin,investasi
invony,informasi
itemx,item
ituloh,itu
itung,hitung
itungan,hitung
itungannya,hitung
iyah,iya
jabar,jawa barat
jagain,jaga
jalanin,jalan
jalaninyah,jalan
jalinin,jalin
jaln,jalan
jaman,zaman
japri,jalur pribadi
jatoh,jatuh
jatohnya,jatuh
jauuuh,jauh
jawaba,jawab
jd,jadi
jdi,jadi
jdlah,jadi
jg,juga
jga,juga
jgn,jangan
jikalau,jika
jk,jika
jl,jalan
jlan,jalan
jln,jalan
jlnan,jalan
jml,jumlah
jmlah,jumlah
jmlhny,jumlah
jngan,jangan
join,gabung
joint,gabung
jt,juta
jta,juta
jtaan,juta
jtan,juta
jtnya,juta
judge,menghakimi
judulny,judul
jugaharus,juga harus
jugay,juga
jujutaan,juta
junk,sampah
just,hanya
kadaluarsanya,kadaluarsa
kaga,tidak
kagak,tidak
kak,kakak
kalao,kalau
kalaupun,kalau
kalbar,kalimantan barat
kale,kali
kalee,kali
kalla,kala
kallleee,kali
kalo,kalau
kalou,kalau
kalsel,kalimantan selatan
kalu,kalau
kamuh,kamu
karna,karena
kartukredit,kartu kredit
kartukreditnya,kartu kredit
kasi,kasih
kasiaaan,kasihan
kau,engkau
kawansyam,kawan
kayak,seperti
kbanyakan,banyak
kbnyakan,banyak
kbsaan,kebiasaan
kcl,kecil
kclan,kecil
kcuali,kecuali
kdang,kadang
kdg,kadang
keaadaan,keadaan
kebahagian,bahagia
kebakara,bakar
kebiaasaan,kebiasaan
kebnyakan,banyak
kebon,kebun
keep,jaga
kefikiran,pikir
keindonesiaanya,indonesia
kelebian,lebih
keluarin,keluar
keluarinlah,keluar
keluarkann,keluar
kemanpuan,kemampuan
kemapuan,kemampuan
kemaren,kemarin
kendara,kendaraan
kendaran,kendaraan
kenderaan,kendaraan
kepake,pakai
kepemlilikan,pemilik
keperluaanya,perlu
kepingin,ingin
keredit,kredit
kerjaaan,kerja
kesadaranya,sadar
kesalahpahaman,salah paham
kesampain,sampai
kesiap,siap
kesimpulanx,kesimpulan
kesuluruhan,keseluruhan
ketentraman,tentram
ketidakmampuan,tidak mampu
ketidakprofesionalan,tidak profesional
ketidaktahuan,tidak tahu
keturnan,keturunan
keungan,keuangan
keuntunganya,untung
kg,kilogram
khdpan,kehidupan
kite,kita
kitta,kita
kiya,kita
kkomennya,komennya
kl,kalau
klau,kalau
klo,kalau
klu,kalau
kluar,keluar
kluarga,keluarga
klw,kalau
km,kilometer
kmarin,kemarin
kmu,kamu
knapa,kenapa
know,tahu
knowledge,pegetahuan
knp,kenapa
kntor,kantor
kocek,dompet
koid,mati
koment,komen
komentar,komen
konpensasi,kompensasi
konsekwensinya,konsekuensinya
konsistensi,konsisten
konsumenx,konsumen
kontek,konteks
kost,kos
kostan,kos
kpan,kapan
kpanasan,panas
kpd,kepada
kperluan,perlu
kpm,kilometer per jam
kpn,kapan
kradit,kredit
krdit,kredit
krdt,kredit
kredi,kredit
kredid,kredit
krena,karena
kresit,kredit
kridiit,kredit
kridit,kredit
krismon,krisis moneter
krj,kerja
krm,kirim
krn,karena
krna,karena
ksalahan,kesalahan
ksh,kasih
ktp,kartu tanda penduduk
kudu,harus
ky,seperti
kyk,seperti
kyknya,seperti
laen,lain
laennya,lain
laghi,lagi
lai,lain
lainx,lain
lam,lama
langsuang,langsung
lbh,lebih
lbih,lebih
lemah,tanah
lg,lagi
lgi,lagi
lgpl,lagipula
lgsg,langsung
like,suka
linknya,link
list,daftar
lunasdapat,lunas dapat
lwt,lewat
maap,maaf
machine,mesin
maen,bermain
maintenace,perbaikan
maintenance,perbaikan
maintenancenya,perbaikan
maintenen,perbaikan
maitenance,perbaikan
makasih,terima kasih
make,pakai
makin,semakin
makluk,makhluk
maksain,paksa
maksutnya,maksud
malahn,malahan
mampuh,mampu
manage,manajemen
managemen,manajemen
management,manajemen
manager,manajer
manangement,manajemen
mangajukan,mengajukan
mangapa,mengapa
mantaaappp,mantap
mantab,mantap
mantabz,mantap
mantaf,mantap
mantaff,mantap
mantapppp,mantap
mantaps,mantap
manteb,mantap
mantep,mantap
marketing,penjualan
markotop,mantap
masadepan,masa depan
masakan,masak
masayrakat,masyarakat
maslahny,masalah
masukin,masuk
masyaratak,masyarakat
masyrakt,masyarakat
match,pertandingan
mateng,matang
matika,matematika
matur,terima kasih
maturnuwun,terima kasih
maturnuwwuunn,terima kasih
maununggu,mau tunggu
maw,mau
mbacanya,baca
mbah,simbah
mbil,sambil
mbisa,bisa
mdhn,mudahan
me,saya
mearik,menarik
meghemat,menghemat
meguntungkan,menguntungkan
melancrkan,melancarkan
melundunggi,melindungi
memanage,mengatur
memanaj,mengatur
membandinkan,membandingkan
membiayahi,membiayai
membli,membeli
membooking,memesan
memduga,menduga
memeilih,memilih
memenej,mengatur
memenejemen,mengatur
memilikipenghasilan,memiliki penghasilan
memilki,memiliki
meminij,mengatur
memliki,memiliki
mempertanggungjawabkan,tanggung jawab
memumustkan,memusatkan
menagatur,mengatur
menbeli,membeli
menbung,menabung
mencar,mencari
mencega,mencegah
mencerahakan,mencerahkan
mendem,mabuk
mendownload,mengunduh
menganalisa,analisa
mengrbnakan,mengorbankan
menigingat,mengingat
menikahh,menikah
meningga,meninggal
menkeu,menteri keuangan
mentjoba,mencoba
menujang,menunjang
menunujukan,menunjukkan
menuut,menurut
menyicil,mencicil
meres,peras
meringakan,meringankan
mgkn,mungkin
mhn,mohon
mhon,mohon
microchip,cip mikro
mindset,cara pikir
mingu,minggu
msh,masalah
mslh,masalah
mslhx,masalah
msyarakat,masyarakat
mtr,motor
muantep,mantap
mumet,pusing
must,harus
musti,mesti
mw,mau
my,milikku
nabrak,tabrak
nabung,tabung
nabungnya,tabung
naek,naik
naikin,naik
naksi,taksi
nambah,tambah
nambahi,tambah
nambahin,tambah
nambal,tambal
namnya,nama
nampak,tampak
nanggung,tanggung
nanya,tanya
napa,kenapa
napsu,nafsu
nasehat,nasihat
nasigoreng,nasi goreng
nawar,tawar
ndak,tidak
ndiri,sendiri
ndk,tidak
need,perlu
negarax,ngara
negatip,negatif
negatipnya,negatif
negonya,nego
negri,negeri
nelpon,telfon
nengok,tengok
nerima,terima
networking,jaringan
never,tidak pernah
new,baru
next,selanjutnya
ngabisin,habis
ngak,tidak
ngalami,alami
ngambil,ambil
ngambilnya,ambil
ngangkut,angkut
nganjurkan,anjuran
ngansur,angsur
nganter,antar
ngantor,kantor
ngasih,beri
ngatasi,mengatasi
ngatur,atur
ngebaca,baca
ngebonceng,bonceng
ngebuka,buka
ngebul,asap
ngebulin,asap
ngecat,cat
ngecek,cek
ngecer,ecer
ngeduluin,dahulu
ngejalanin,jalan
ngejar,kejar
ngeklaim,klaim
ngeliat,lihat
ngelobi,lobi
ngelola,kelola
ngeluarin,keluar
ngeluarinnya,keluar
ngemanage,manajemen
ngempet,tahan
ngeralat,ralat
ngerasain,rasa
ngerem,rem
ngerepotin,repot
ngeridit,kredit
ngerjain,kerja
ngerti,tahu
ngerumatin,memelihara
ngga,tidak
nggak,tidak
ngitung,hitung
ngitungnya,hitung
ngkoh,nanti
ngojek,ojek
ngolor,ulur
ngomen,komen
ngomentari,komen
ngomong,omong
ngomongin,omong
ngontrak,kontrak
ngotot,otot
ngramein,rame
ngredit,kredit
ngumpul,kumpul
ngumpulin,kumpul
ngumpulkan,kumpul
ngumpulnya,kumpul
ngunggu,tunggu
ngurangin,kurang
ngurusin,urus
ngutang,hutang
nice,bagus
nikmatin,nikmat
nitip,titip
njalani,jalan
nkarena,karena
nmun,namun
nomber,nomer
nomor,nomer
nonproduktif,tidak produktif
nperkenalkan,kenal
npwp,nomer pokok wajib pajak
ntar,nanti
nuhun,terima kasih
nulis,tulis
nulisnya,tulis
nunggu,tunggu
nungguin,tunggu
nunggunya,tunggu
nungu,tunggu
nurunin,turun
nutup,tutup
nutupi,tutup
nuwun,terima kasih
nyadar,sadar
nyadarin,sadar
nyambung,sambung
nyampe,sampai
nyangkul,cangkul
nyantai,santai
nyari,cari
nyarinya,cari
nyaris,hampir
nyebut,sebut
nyelamatin,selamat
nyewa,sewa
nyewain,sewa
nyicil,cicil
nyicilaja,cicil
nyicilnya,cicil
nyimpan,simpan
nyimpen,simpan
nyisihin,menyisihkan
nympan,simpan
nyoba,coba
nyokap,ibu
nyuri,curi
nyuruh,suruh
nyusul,susul
nyusun,susun
nyusut,susut
oarang,orang
oceee,oke
oerhatikan,perhatikan
ojo,jangan
ok,oke
okeh,oke
omzet,omset
open,buka
oportuniti,beruntung
opportunity,beruntung
option,opsi
or,atau
order,pesan
org,orang
orgnya,orang
orkay,oke
orng,orang
ortu,orang tua
other,yang lain
others,yang lain
out,keluar
output,keluaran
owner,pemilik
owners,pemilik
ownership,kepemilikan
pake,pakai
paki,pakai
palagi,apalagi
panjaaaang,panjang
pantes,pantas
pantesan,pantas
parking,parkir
partnya,bagian
pasilitas,fasilitas
passive,pasif
paste,tempel
payaah,payah
pbb,perserikatan bangsa bangsa
pc,komputer pribadi
pdhal,padahal
peace,damai
pemakaianx,pemakaian
pendatapan,pendapatan
pengeluaranya,pengeluaran
penghasilnnya,penghasilan
pengin,ingin
perbln,bulan
perjalanannnya,jalan
permasalahannyakarena,masalah karena
permission,izin
perush,perusahaan
petakilan,banyak tingkah
pick,ambil
pindahtangankan,pindah tangan
pinginnya,ingin
pinjem,pinjam
pinjeman,pinjaman
pk,pakai
pke,pakai
planning,rencana
please,tolong
plening,rencana
plg,paling
pling,paling
pndpatan,pendapatan
pngalaman,pengalaman
pngeluarannya,pengeluaran
pngusaha,pengusaha
pns,pegawai negeri sipil
pnting,penting
pny,punya
pnya,punya
point,poin
pol,pola
polan,pola
polis,polisi
political,politik
politically,politik
polution,polusi
porum,forum
positifnya,positif
positip,psoitif
premature,prematur
present,mempersembahkan
prinsif,prinsip
prioritaskan,prioritas
private,privasi
prnh,pernah
product,produk
prog,program
programs,program
property,properti
propins,provinsi
psti,pasti
ptg,penting
purchasing,beli
pusink,pusing
pussing,pusing
put,letakkan
pzt,pasti
qt,kita
qta,kita
rame,ramai
rb,ribu
rban,ribu
reaching,sampai
reason,alasan
reasoning,alasan
rebu,ribu
red,merah
reduce,kurangi
regards,hormat
reikonya,resiko
rejekinya,rejeki
release,rilis
rentalin,rental
report,lapor
reported,lapor
request,permintaan
result,hasil
return,kembali
returnnya,kembali
revolution,revolusi
reward,penghargaan
right,benar
rincian,rinci
risk,bahaya
riskan,bahaya
rmh,rumah
rmhtga,rumah tangga
rncn,rencana
roko,rokok
rp,rupiah
rsanya,rasa
sabarrr,sabar
sabarrrrr,sabar
safe,aman
safety,aman
sakitu,sakit
salahnyah,salah
salasatu,salah satu
sales,penjual
salesgirl,wanita penjual
salesnya,penjual
samah,sama
sampe,sampai
sampean,anda
sampen,anda
sampeyan,anda
sample,contoh
sangan,sangat
sanggat,sangat
sangt,sangat
sapai,sampai
saranin,saran
saranx,saran
sarat,syarat
sartana,sarjana
satker,satuan kerja
saudar,saudara
saudaraku,saudara
saving,simpan
saw,melihat
sayah,saya
sayakadang,saya kadang
sbb,sebagai berikut
sbg,sebagai
sbgnya,sebagai
sblmnya,belum
sblum,belum
sbnrnya,benar
sbsr,besar
scara,secara
scr,secara
sdah,sudah
sderhana,sederhana
sdh,sudah
sdikit,sedikit
sdm,sumber daya manusia
sdng,sedang
sdr,saudara
sdri,saudari
sebelomnyah,belum
sebenernya,benar
sebenrnya,benar
sebulanya,bulan
security,penjaga
sedikiiiit,sedikit
sekaliapun,sekali
sekaliiii,sekali
sekg,sekarang
sekitatr,sekitar
sekrang,sekarang
selamathn,selamat
seluru,seluruh
sempuna,sempurna
semuah,semua
semuax,semua
senangin,senang
seorg,seorang
sepenuh,penuh
sept,september
sepuh,tua
sertipikat,sertifikat
service,servis
servise,servis
sesai,sesal
sesalu,sesal
sesimple,mudah
sesudahnyah,sudah
sesutu,sesuatu
setory,setor
setujuuuuu,setuju
seyuju,setuju
sgitu,segitu
sgt,segitu
sgtu,segitu
share,bagi
sharing,bagi
sharingnya,bagi
shg,sehingga
show,pertunjukan
showroom,ruang pertunjukan
showroomnya,ruang pertunjukan
shrsnya,harus
siapin,siap
silahken,silahkan
simple,sederhana
simplenye,sederhana
simply,sederhana
sing,nyanyi
siperusahaan,perusahaan
site,situs
sites,situs
sj,saja
skali,sekali
skalian,sekali
skalipun,sekali
skarang,sekarang
skdr,sekedar
skg,sekarang
skolah,sekolah
skr,sekarang
skrang,sekarang
skrg,sekarang
skrng,sekarang
sktr,sekitar
skul,sekolah
slalu,selalu
slama,selama
slamanya,selama
slma,selama
slmat,selamat
small,kecil
smart,pintar
smartphone,ponsel pintar
smentara,sementara
smester,semester
smngt,semangat
smntara,sementara
smoga,semoga
smpe,sampai
smua,semua
snagat,sangat
sndr,sendiri
sndri,sendiri
sngat,sangat
sngt,sangat
soale,soal
soalx,soal
sodara,saudara
sodaranya,saudara
software,perangkat lunak
softwarenya,perangkat lunak
softwat,perangkat lunak
song,lagu
sopil,supir
sopir,supir
sopirx,supir
sorganya,surga
sori,maaf
sorry,maaf
sory,maaf
spda,sepeda
speda,sepeda
sprt,seperti
sprti,seperti
spt,seperti
spy,supaya
style,gaya
suamijg,suami
subject,subjek
subjektive,subjektif
suport,dukung
support,dukung
supporter,pendukung
survey,survei
survive,bertahan
sutuju,setuju
sy,saya
sya,saya
syang,sayang
synchronize,sinkronisasi
system,sistem
tahn,tahun
tak,tidak
taon,tahun
tapi,tetapi
tapiiii,tetapi
tar,nanti
tau,tahu
taun,tahun
tauny,tahu
tawakkal,tawakal
tawarin,tawar
taxi,taksi
td,tadi
tdak,tidak
tdk,tidak
team,tim
teballlll,tebal
technologies,teknologi
tegah,tengah
telp,telepon
temen,teman
temenin,teman
temennya,teman
template,kerangka
tenks,terima kasih
tenkyu,terima kasih
tentuada,tentu ada
tentuny,tentu
terahir,terakhir
terdownload,unduh
tergatung,tergantung
terimah,terima
terimakasih,terima kasih
terimaksih,terima kasih
terimkasih,terima kasih
terinsfirasi,inspirasi
terlaluuuu,terlalu
terllu,terlalu
termnasuk,termasuk
teruss,terus
tetep,tetap
teteup,tetap
text,teks
tgantung,tergantung
tgg,tanggung
th,tahun
thaks,terima kasih
thank,terima kasih
thanks,terima kasih
thanksssss,terima kasih
thanx,terima kasih
that,itu
thd,terhadap
their,mereka
theme,tema
then,kemudian
theory,teori
thesis,tesis
thingking,berpikir
think,pikir
thinking,berpikir
this,ini
thks,terima kasih
thn,tahun
thnan,tahun
thp,terhadap
thr,tunjangan hari raya
thread,trit
thun,tahun
thx,terima kasih
tif,teknik informatika
time,waktu
timenya,waktu
timor,timur
timtim,tim
tingal,tinggal
tinggalin,tinggal
tinggiiii,tinggi
tinggl,tinggal
tipsnya,tips
titipin,titip
tks,terima kasih
tlg,tolong
tlp,telepon
tmpa,timpa
tntang,tentang
today,hari ini
topppppp,bagus
tp,tetapi
tpi,tetapi
tq,terima kasih
transpor,transportasi
transport,transportasi
tread,trit
trend,tren
trendy,tren
trial,masa coba
trialnya,masa coba
trim,terima kasih
trima,terima
trimakasih,terima kasih
trims,terima kasih
trkontrol,terkontrol
trlalu,terlalu
trm,terima
trmaksih,terima kasih
trnyata,ternyata
trouble,masalah
trpakai,terpakai
trs,terus
trsendiri,tersendiri
trus,terus
truz,terus
try,coba
trz,terus
tsb,tersebut
tsbt,tersebut
ttg,tentang
ttng,tentang
ttp,tetap
tu,itu
tuisannya,tulisannya
tuliisanya,tulisnya
type,tipe
uad,universitas ahmad dahlan
uadah,wadah
ud,sudah
uda,sudah
udah,sudah
udh,sudah
udsh,sudah
ugm,universitas gajah mada
umpama,seumpama
unable,tidak dapat
unag,uang
unbra,universitas brawijaya
underwater,bawah air
undip,universitas diponegoro
unistall,copot pemasangan
untk,untuk
untu,untuk
untukbekerja,untuk bekerja
untunya,untung
urgent,penting
urgentnitasnya,kepentingannya
usahaanya,usaha
usahain,usaha
use,gunakan
useful,berguna
user,pengguna
utilytinya,alat
utk,untuk
very,sangat
vision,visi
visit,kunjungi
wapres,wakil presiden
warming,pemanasan
warnet,warung internet
wasalam,wasalamuallaikum
waspadalahhhh,waspada
wass,wasalamuallaikum
wassaalam,wasalamuallaikum
wassalamu,wasalamuallaikum
way,jalan
webnya,web
website,web
whatever,apapun 
why,kenapa
wiraswata,wiraswasta
with,dengan
without,tanpa
wkt,waktu
wlwpun,walaupun
wni,warga negara indonesia
wniketurunan,warga negara indonesia keturunan
won,menang
wonderfull,menakjubkan
wong,orang
word,kata
wrga,warga
x,kali
yaa,iya
yaaa,iya
yaaaa,iya
yaah,iya
yach,iya
yah,iya
yahhh,iya
yamg,yang
yandi,yang di
yangmemang,yang memang
yaudah,ya sudah
year,tahun
yg,yang
yidak,tidak
yng,yang
yo,iya
yoes,ya sudah
yoooooooooooiuuuuuuuuuuuuuuuuuuu,kamu
you,kamu
your,milikmu
yth,yang terhormat
yuk,ayo
yukk,ayo
yup,iya
yups,iya
zero,nol
gue,aku
gw,aku
impulsive,impulsif
kga,tidak
coz,karena
dowang,saja
real,nyata
time,waktu
