id_post,isi_komen,sentimen,Hasil_preprocess
1.0,Hmm adakah prinsip benar2 jd kaya buat yg uangnya pas2an? Penghasilan pas2an sedangkan waktu udh mksimal trpakai dan ga mungkin buat kerja paruh waktu?  nice post..tp ingin tau buat yg lbh sering kekurangan meski udh sderhana harus gmn ya?? Mksh,2.0,hmm prinsip benar jadi kaya buat yang uang pas hasil pas sedang waktu sudah mksimal pakai tidak mungkin buat kerja paruh waktu bagus post tetapi tahu buat yang lebih sering kurang meski sudah sederhana gimana mksh
1.0,"Bagaimana cara menagatur keuangan usaha/bisnis, jika usaha tsb adalah mata pencaharian utama bukan usaha sampingan.

Dinanti pencerahannya.",1.0,bagaimana cara atur uang usaha bisnis usaha sebut mata cahari utama bukan usaha samping cerah
2.0,"Gaji sebulan seorang profesor di Jepang ?

http://univjp.wordpress.com/2012/08/05/gaji_profesor/
",0.0,gaji bulan orang profesor jepang
2.0,"ibu saya seorang doktor lulusan UI dan beliau seorang peneliti di LIPI, memangnya mudah untuk menulis buku ? untuk kerja saja ibu saya sampai larut malam untuk membuat literatur, dan penerbitan jurnal internasioanl untuk menaikkan point kinerja, sejak restrukturisasi birokrasi. FYI beliau peneliti solsial budaya, hak paten dr mana 
",0.0,ibu orang doktor lulus ui beliau orang teliti lipi memang mudah tulis buku kerja ibu larut malam buat literatur terbit jurnal internasioanl naik poin kerja sejak restrukturisasi birokrasi informasi untuk beliau teliti solsial budaya hak paten dari mana
2.0,"Setuju sekali dengan artikel ini. Peneliti itu seharusnya tidak miskin. Sebagai contoh beberapa profesor saya  yg kreatif mendirikan Celoxica, solusi FPGA untuk banking. Profesor saya yang lain mendirikan 3D AqSense, solusi untuk automatic 3D surface inspection. Kemudian profesor saya yg lain mendirikan SeeByte, perusahaan yang membuat underwater robot. 
Perusahaan2 tersebut sekg maju sekali dengan omset yang luar biasa.   Pihak universitas di luar negeri memang sangat kreatif dan memperlakukan riset dengan serius dan menghasilkan produk-produk yang inovatif dan bernilai jual tinggi.
Oh ya, untuk di Indonesia, selain nama-nama yang tersebut diatas, jangan lupa pula Dr.Warsito Taruno, penemu scanner 4D Imaging (Edwar Technologies).   
Dr.Eko Fajar Nurprasetyo dan Dr.Tri Adiono, ex desainer microchip Sony,  pendiri Xirca Microchip. Perusahaan desainer chipset untuk aplikasi real-time video, networking dll.
Dr.Bagus Mahawan, pakar Embedded System, pendiri Invosa. Software development center sekaligus automation system integrator.
Semua memotivasi saya untuk merintis perusahaan dari riset-riset saya di bidang instrumentasi, machine vision dan machine learning.  
Salam kenal pak Ardi.  Very nice blog..
Adhiguna
",2.0,tuju sekali artikel teliti miskin bagai contoh beberapa profesor yang kreatif diri celoxica solusi fpga bank profesor diri d iklan solusi otomatis d surface inspeksi kemudian profesor yang diri seebyte usaha buat bawah air robot usaha sebut sekarang maju sekali omset luar biasa pihak universitas luar negeri memang sangat kreatif laku riset serius hasil produk inovatif nila jual tinggi indonesia nama sebut atas jangan lupa dari warsito taruno temu scanner d gambar edwar teknologi dari eko fajar nurprasetyo dari tri adiono ex desainer cip mikro sony diri xirca cip mikro usaha desainer chipset aplikasi real-time video jaring dari bagus mahawan pakar embedded sistem diri invosa perangkat lunak kembang tengah sekaligus otomatis sistem integrator semua motivasi rintis usaha riset di bidang instrumentasi mesin visi mesin learning salam kenal pak ardi sangat bagus blog adhiguna
2.0,"Setuju bgt deh?..topppppp markotop..:)
",2.0,tuju banget deh bagus mantap
3.0,Masih kecil dibanding biaya susu anak saya sebulan,0.0,kecil banding biaya susu anak bulan
3.0,iya begitulahh _-,0.0,iya begitu
9.0,"keren, artikel menarik,

salam sukses..
sedj

http://sedjatee.wordpress.com
",2.0,keren artikel tarik salam sukses sedj
10.0,i like this,2.0,i like ini
12.0,thanks atas pengetahuannya,2.0,terima kasih atas tahu
13.0,wah infonya berguna.. slam hangat.. http://dimas94.wordpress.com,2.0,wah info slam hangat
18.0,waow? the great post today. thank you.,2.0,waow the besar post hari ini terima kasih kamu
18.0,artikel bagus,2.0,artikel bagus
19.0,Orang termiskin  ,0.0,orang miskin
19.0,Kalo daftar orang termiskin di Indonesia ada ga? lum pernah to?  ,0.0,kalau daftar orang miskin indonesia tidak lum pernah to
20.0,"masih perlu belajar dari master blog ini nih postingannya sangat informatif bro,?Terimakasih",1.0,perlu ajar master blog nih postingannya sangat informatif bro terima kasih
22.0,teteup aj pontang ? panting ngatur nya,0.0,tetap saja pontang panting atur nya
24.0,"sederhana, klasik, tapi ampuh??.. ",1.0,sederhana klasik ampuh
24.0,"sedikit demi sedikit, akhirnya jadi bukit ",2.0,sedikit sedikit akhir jadi bukit
24.0,"ulasannya enak dibaca, jadi tidak bohan membacanya ",2.0,ulas enak baca jadi bohan baca
25.0,Kok nggak ada penjelasannya?. males nulis kalee ,0.0,kok jelas males tulis kali
25.0,gimana ya cara bikin program keuangan menggunakan VB atau ms access tolong ajarin ya ,1.0,gimana cara bikin program uang vb ms akses ajarin
28.0,sangat bagus,2.0,sangat bagus
29.0,Setuju?,1.0,tuju
34.0,kalo mau buat database baru gimana caranya ??,1.0,kalau mau buat simpan data baru gimana cara
36.0,bravo!!! saya belum mencobanya tapi sudah ?excited?. maju terus Metasoft !!! ,2.0,bravo coba senang maju terus metasoft
37.0,oke,1.0,oke
40.0,mereka bisa kenapa kita tidak  ^=^  ???,1.0,kita
41.0,Terima kasih atas infonya ~_0,2.0,terima kasih atas info
42.0,Menurut saya bangsa ini bisa bangkrut karena oknum oknum koruptor dimana mana   ,0.0,turut bangsa bangkrut oknum oknum koruptor mana mana
44.0,adohhhhh .. mintak lah uang nya sikit ?. mau beli kondom dlu aq ?. ,0.0,jauh mintak lah uang nya sikit mau beli kondom dulu aku
45.0,tolong saya diberi info tentang myfamily accounting terima kasih ,2.0,beri info myfamily akuntansi terima kasih
45.0,"pak ardi yth, saya sdh berhasil download softwarenya, tapi tidak bisa diinstal terutama bagian firebird database. kenapa ya..?? apa solusinya..?? terimakasih ",1.0,pak ardi yang hormat sudah hasil unduh perangkat lunak pasang utama firebird simpan data apa solusi terima kasih
45.0,giamans sih cara jalinin kok tak bisa diinstall ,0.0,giamans sih cara jalin kok tidak pasang
45.0,"Salam, Mengapa http://www.www.metasoft.co.id tidak bisa diakses? Terima kasih. ",1.0,salam akses terima kasih
45.0,aku mau donwload  caranya g mana ya ? ,1.0,aku mau unduh cara g mana
45.0,mau coba download dulu ah?. ,1.0,mau coba unduh dulu ah
45.0,Hallah?link filenya ga berlaku? Payaah.. ,0.0,link file tidak laku payah
45.0,"Saya bikin sendiri, ini dia http://tinyurl.com/kpxozct gratis kok? ",0.0,bikin sendiri gratis kok
46.0,wah? mah kasi banyak buat bekalnya..he..he..,2.0,wah mah kasih banyak buat bekal he he
47.0,Error pak?,0.0,eror pak
47.0,Gak boleh di download ya ver trial nya ??? Seperti beli kucing dalam karung donk !!!,0.0,tidak unduh ver masa coba nya beli kucing karung dong
47.0,"Iya, saya juga mau coba trialnya dulu tapi ga bisa download.. Bisa kirim via email? Trims",1.0,iya mau coba masa coba dulu tidak unduh kirim via email terima kasih
47.0,link nya dah gak ada nih,0.0,link nya dah tidak nih
49.0,"saya pengen memiliki software my family accounting, bgm caranya",1.0,ken milik perangkat lunak milik keluarga akuntansi bagaimana cara
50.0,bagus juga artikelnya tuh? salut dah buat orang yang ada kepikiran semacam itu? ,2.0,bagus artikel tuh salut dah buat orang pikir macam
50.0,"wow, it?s cool !! memang jiwa mereka dalam dunia bisnis patut kita teladani . ",2.0,wow it s keren memang jiwa dunia bisnis patut teladan
50.0,"wah, baru tahu ide yang kayak gini? sayangnya saya lom mulai bisnis euy? sip2 thx? ditampung deh ilmunya? ",1.0,wah baru tahu ide seperti gin sayang lom mulai bisnis euy sip terima kasih tampung deh ilmu
50.0,Semuanya bener??.semuanya saling belajar???..mengapa kita tidak meniru bangsa malaysia memajukan berbagai etnis?harusnya ada program 500 pengusaha baru tiap tahun?(atau berapapun jumlahnya)?buat satu INDONESIA.Lupakah kita ?tuntutlah ilmu sampai ke negeri china!? kenapa tidak ke negara lain??? ,1.0,semua benar semua saling ajar tiru bangsa malaysia maju bagai etnis program usaha baru tiap tahun berapa jumlah buat satu indonesia lupa tuntut ilmu negeri cina ke negara
50.0,emang bnr >??? orang indonesia tu kbanyakan cuma mau hasil dan tanpa proses??!!!!!! ,0.0,memang benar orang indonesia itu banyak cuma mau hasil proses
50.0,Mampu menunda kenyamanan ,0.0,mampu tunda nyaman
50.0,"Kebanyakan masyarakat Indonesia adalah mental pekerja dan bukan mental pengusaha. kok bisa? coba kita sama2 melihat diri kita terhadap pandangan dibidang pendidikan, pada umumnya para orang tua dan si anak itu sendiri dalam mencari sekolahan/PT pasti yang dilihat atau referensi yang ingin didapatkan adalah bagaimana prospeknya setelah lulus dari sekolah/PT tersebut dapat mudah/cepat mendapatkan pekerjaan dan bukanya bagaimana sekolah/PT tersebut dapat menciptakan calon2 pedagang, pengusahawan, wiraswastawan ?dll yang mana mereka dapat menciptakan lapangan pekerjaan baru. Dan parahnya lagi PTS-2 kalau mempromosikan setali tiga uang.  Yah kalau sudah begini sulit untuk bisa maju. ",0.0,banyak masyarakat indonesia mental kerja bukan mental usaha kok coba sama lihat diri hadap pandang bidang didik umum orang tua si anak sendiri cari sekolah pt lihat referensi ingin bagaimana prospek lulus sekolah pt sebut mudah cepat kerja buka bagaimana sekolah pt sebut cipta calon dagang pengusahawan wiraswastawan mana cipta lapang kerja baru parah pts- kalau promosi setal tiga uang iya kalau begini sulit maju
50.0,"salam kenal??. bagus artikelnya, saya tertarik?? ",2.0,salam kenal bagus artikel tarik
50.0,"saya suka dgan prinsip orang cina,saya brbisnis dgn orang cina jg ",2.0,suka dengan prinsip orang cina bisnis dengan orang cina juga
50.0,"Betul juga,baru ngeh nih.. ",1.0,betul baru ngeh nih
50.0,Bagus tulisannya. Dan lg lg sy tersadarkan. Thx berat bro ,2.0,bagus tulis lagi lagi saya sadar terima kasih berat bro
52.0,berikan donk contoh pembukuannya ,0.0,ikan dong contoh buku
54.0,"Insya allah saya akan ikut berpartisipasi, semoga bisa berbagi teman dan ilmu. ",1.0,insya tuhan ikut partisipasi moga teman ilmu
56.0,bagai mana mungkin saya memiliki laba tapi tidak memiliki kas ,0.0,bagai mana mungkin milik laba milik kas
57.0,deal aja..tapii?? ,0.0,sepakat saja
57.0,"bagus, untuk pemasukan bgi kami yang berkeluarga. ",2.0,bagus pasu bagaimana keluarga
57.0,"sy cuma mengerti teori nya saja, praktek nya nol ",0.0,saya cuma erti teori nya praktek nya nol
58.0,"# Richmond Saya terima permintaan maaf mas, anggap aja ini sebagai pembelajaran bagi kita semua. ",1.0,richmond terima minta maaf mas anggap saja bagai ajar semua
58.0,kacau nih tulisannya.gak valid. ,0.0,kacau nih tulis tidak valid
58.0,kak nekat belum tentu punya.nekat ya begitulah ?alias rugi ,0.0,kakak nekat punya nekat alias rugi
58.0,semoga secepatnya aku bisa beli mobil??amin ,1.0,moga cepat aku beli mobil amin
58.0,NGACOO!!! LIAT UNTUNGNYA JUGA DONK BOS!!! ,0.0,ngacoo liat untung dong bos
58.0,"apa kata duniaaaaaaaa,?indonesia ga ada kredit. ",0.0,apa kata dunia indonesia tidak kredit
58.0,mendingan naik angkutan umum aja daripada bikin tambah macet?. ,1.0,mending naik angkut umum saja bikin tambah macet
58.0,dobleh?..plg g pnya uang buat byr angsuran?? ,0.0,dobleh paling g punya uang buat bayar angsur
58.0,"ga usah maksain kl ga bisa beli,, kaya saya ini ,, nyangkul n nyari rumput aj dah tenang hehehe ",0.0,tidak usah paksa kalau tidak beli kaya cangkul n cari rumput saja dah tenang hehehe
58.0,"dari pada kridit mending uangnya buat nambah istri lagi n diberi modal usaha malah jadi utung siang malam selalu oke,,, ",0.0,kredit mending uang buat tambah istri n beri modal usaha malah jadi utung siang malam selalu oke
58.0,"salam, semua ? ikut membaca koment2 saya senang?semoga aku bisa beli mobil ah?biar bisa senangin keluarga,ortu dan temen2 akhirnya di doain sukses?!!!akhirnya tambah sukses ..yg penting hidup dengan pikiran positif aja doa, dan bekerja ..pasti sukses.. amin ",2.0,salam semua ikut baca komen senang moga aku beli mobil ah biar senang keluarga orang tua teman akhir doa sukses akhir tambah sukses yang penting hidup pikir positif saja doa kerja sukses amin
58.0,1 Miliar 15 tahun lagi mungkin tidak akan terlalu bernilai ,0.0,miliar tahun mungkin terlalu nila
58.0,"1=YANG PUNYA POSTING INI SAYA ANGGAP BENAR 1000 PERSEN \r\nKARENA SDH MENGAJAK KITA BERPIKIR,BERBAGI =2 SEMUA YANG KOMENTAR DISINI 1000 PERSEN NGAK ADA YANG SALAH,KARENA SETIAP MANUSIA PUNYA CARA PANDANG YANG BERBEDA CARA MENGHITUNG, AK MAU SEKOLAH DULU AH DI AMERIKA BIAR PINTAR NGITUNG ",0.0,punya posting anggap benar persen r karena sudah ajak pikir semua komen sini persen tidak salah tiap manusia punya cara pandang beda cara hitung ak mau sekolah dulu ah amerika biar pintar hitung
58.0,"jangan takut kredit, hanya orang malas yang takut HUTANG??.. ",0.0,jangan takut kredit orang malas takut hutang
58.0,mantaaappp??? ,2.0,mantap
58.0,Ngapain Ngeridit Mobil kalo punya Duit?? ,0.0,ngapain kredit mobil kalau punya duit
58.0,terima kasih atas sarannya ,2.0,terima kasih atas saran
58.0,kredit?.amit amit !! ,0.0,kredit amit amit
58.0,semua tindakan yang kita ambil pasti ada resikonya. ,1.0,semua tindak ambil resiko
58.0,ya tuhan lindungi kami dari godaan ?setan? kredit. amin ,1.0,tuhan lindung goda setan kredit amin
58.0,"Kalau gitu mending jalan kaki aj kalau ke mana2 lebih irit,lebih sehat dan lebih lama wxwx3 ",1.0,kalau gitu mending jalan kaki saja kalau mana lebih irit lebih sehat lebih lama wxwx
58.0,"Cakepp,, bener , setuju sma bung admin, ",2.0,cakep benar tuju sma bung kelola
58.0,dari satu jadi dua sdh 2 jadi 3 dari tiga naik ke empat ??.silahkan karyawan yang pakai cari duit. sy bobo ?..gan ,0.0,satu jadi sudah jadi tiga naik empat silah karyawan pakai cari duit saya bobo gan
58.0,"saya setuju dgn pemikiran bpk,solusi membeli mobil bekas adalah yg terbaik ",2.0,tuju dengan pikir bapak solusi beli mobil bekas yang baik
58.0,"setuju kang, kita hrs bs kalahkan nafsu dng logika itung2an diatas?thx ",2.0,tuju kang harus bisa kalah nafsu dengan logika hitung atas terima kasih
58.0,mohon bimbingannya terhadap pengaturan uang lainnya. nuhun ,1.0,mohon bimbing hadap atur uang terima kasih
58.0,"terima kasih informasinya sanggat membantu??.. soalnya saya mikir mau beli mobil yang baru, sekarang baru kepikiran untung ruginya?. thanks mas ",2.0,terima kasih informasi sangat bantu soal mikir mau beli mobil baru sekarang baru pikir untung rugi terima kasih mas
58.0,"tulisan anda bagus, tp klo bacanya jangan ditelan mentah2  ",1.0,tulis bagus tetapi kalau baca jangan tel mentah
58.0,"kalau beli baju pake kredit, berpikirlah 100 x ",1.0,kalau beli baju pakai kredit pikir x
58.0,sheepp?!!! nice share?.. ,2.0,sheepp bagus bagi
58.0,"pnya uang lebih, beli cash aja?ga punya uang jgn beli ",0.0,punya uang lebih beli tunai saja tidak punya uang jangan beli
58.0,si bapak mah tolol!! ,0.0,si bapak mah tolol
58.0,pada sakit semua ,0.0,sakit semua
58.0,oke banget,2.0,oke banget
58.0,"Sebenarnya yang dimaksudkan penulis bagus dan benar cuma dalam detail penjelasan agak melenceng sehingga membingungkan pembaca.  Menurut saya jika orang sudah beli mobil dengan niat mencicil dengan dp 20 % menandakan bahwa dia sebenarnya tidak mampu untuk membeli mobil dengan harga segitu, dan jika dia memaksakan diri maka dia hanya akan menyulitkan diri sendiri.  Banyak orang yang berpikir bahwa dengan adanya mobil dia akan lebih untung dan produktif, tapi itu hanya sebatas pikiran dia saja tanpa perhitungan apapun. Misalkan seseorang pegawai bank dia mencicil mobil karena berpikir akan meningkatkan performanya. Padahal hubungan antara dia punya mobil dengan prestasi dia tidak signifikan bahkan bisa lebih buruk karena macet2an di jalan. Kecuali kalau bosnya bilang sama dia ?Kamu beli mobil nanti gaji saya naikan 40 %? nah baru deh ada hubungannya heheheheh  ",1.0,benar maksud tulis bagus benar cuma detail jelas lenceng bingung baca turut orang beli mobil niat cicil dp tanda benar mampu beli mobil harga segitu paksa diri sulit diri sendiri banyak orang pikir mobil lebih untung produktif batas pikir hitung apa misal orang pegawai bank cicil mobil pikir tingkat performa padahal hubung punya mobil prestasi tidak signifikan bahkan lebih buruk macet jalan kalau bos bilang sama kamu beli mobil gaji naik nah baru deh hubung heheheheh
58.0,panjaaaang amaaat ini setory ? capek mbacanya ? heheuu ? ,0.0,panjang amaaat setor capek baca heheuu
58.0,"kapan yaa, beli mobil dari uang sendiri.  ga enak pake mobil orang tua terus. hehe. ",1.0,kapan iya beli mobil uang sendiri tidak enak pakai mobil orang tua terus hehe
,,,
,,,
,,,
,,,
,,,
,,,
,,,
,,,
,,,
,,,
,,,
,,,
,,,
,,,
,,,
,,,
,,,
,,,
,,,
,,,
,,,
,,,
,,,
,,,
,,,
,,,
,,,
,,,
,,,
,,,
,,,
,,,
,,,
,,,
,,,
,,,
,,,
,,,
,,,
,,,
,,,
,,,
,,,
,,,
,,,
,,,
,,,
,,,
,,,
,,,
,,,
,,,
,,,
,,,
,,,
,,,
,,,
,,,
,,,
,,,
,,,
,,,
,,,
,,,
,,,
,,,
,,,
,,,
,,,
,,,
,,,
,,,
,,,
,,,
,,,
,,,
,,,
,,,
,,,
,,,
,,,
,,,
,,,
,,,
,,,
,,,
,,,
,,,
,,,
,,,
,,,
,,,
,,,
,,,
,,,
,,,
,,,
,,,
,,,
,,,
,,,
,,,
,,,
,,,
,,,
,,,
,,,
,,,
,,,
,,,
,,,
,,,
,,,
,,,
,,,
,,,
,,,
,,,
,,,
,,,
,,,
,,,
,,,
,,,
,,,
,,,
,,,
,,,
,,,
,,,
,,,
,,,
,,,
,,,
,,,
,,,
,,,
,,,
,,,
,,,
,,,
,,,
,,,
,,,
,,,
,,,
,,,
,,,
,,,
,,,
,,,
,,,
,,,
,,,
,,,
,,,
,,,
,,,
,,,
,,,
,,,
,,,
,,,
,,,
,,,
,,,
,,,
,,,
,,,
,,,
,,,
,,,
,,,
,,,
,,,
,,,
,,,
,,,
,,,
,,,
,,,
,,,
,,,
,,,
,,,
,,,
,,,
,,,
,,,
,,,
,,,
,,,
,,,
,,,
,,,
,,,
,,,
,,,
,,,
,,,
,,,
,,,
,,,
,,,
,,,
,,,
,,,
,,,
,,,
,,,
,,,
,,,
,,,
,,,
,,,
,,,
,,,
,,,
,,,
,,,
,,,
,,,
,,,
,,,
,,,
,,,
,,,
,,,
,,,
,,,
,,,
,,,
,,,
,,,
,,,
,,,
,,,
,,,
,,,
,,,
,,,
,,,
,,,
,,,
,,,
,,,
,,,
,,,
,,,
,,,
,,,
,,,
,,,
,,,
,,,
,,,
,,,
,,,
,,,
,,,
1.0,"jelek, membuat saya ingin muntah cerita ini. Banyak kata-kata kotor dan menjijikkan",1.0,jelek buat ingin muntah cerita banyak kata kotor jijik
1.0,"saya suka dengan artikel ini
saya kagum dengan kisah si empu gandring, dia suka makan apem :D",2.0,suka artikel saya kagum kisah si empu gandring suka makan apem d
1.0,Artikel / tulisan yang ditulis ini sangat memuaskan. Lanjutkan!!!!,1.0,artikel tulis tulis sangat muas lanjut
1.0,lumayan memberi saya hiburan hahaha :v,2.0,lumayan beri hibur hahaha v
1.0,Saya tidak suka dengan cara pandang anda terhadap masalah yang anda tulis. Masalah yang anda tulis tidak disertai fakta bukti di lapangan. Hal tersebut membuat tulisan ini diragukan,1.0,suka cara pandang hadap masalah anda tulis masalah anda tulis tidak serta fakta bukti lapang sebut buat tulis ragu
1.0,oke artikel ini lumayan menarik bagi saya dan keluarga,2.0,oke artikel lumayan tarik saya keluarga
1.0,"Bagus, Lanjutkan ! saya tunggu update tulisan selanjutnya",1,bagus lanjut tunggu update tulis lanjut
