Komentar,Sentimen,Hasil_preprocess
mudah dimengerti dalam memberikan materi,2,mudah erti beri materi
Harus ada trik/tips meningkatkan minat belajar mahasiswa,0,ada trik tips tingkat minat ajar mahasiswa
Memberikan contoh dengan baik dan rinci,2,beri contoh baik rinci
Sulit dipahami jika menjelaskan materi di white board,0,sulit paham jelas materi white papan
Semoga kedepannya lebih baik,0,moga depan lebih baik
"Harus memberikan contoh secara detail dipapan, tulisan mohon diperbesar",0,beri contoh cara rinci papan tulis mohon besar
Pahami mahasiswa dengan baik tapi over all ibu keren kok:),1,paham mahasiswa baik over all ibu keren kok
Apabila menjelaskan sebaiknya menggunakan kata yang mudah dimengerti jangan terlalu tinggi penggunaan bahasanya,0,apabila jelas baik kata mudah erti jangan terlalu tinggi bahasa
Penjelasan saat mengajar masih global jadi saya sering tidak bisa bila menerapkannya pada suatu kasus,0,jelas ajar global jadi sering bisa bila terap suatu kasus
Hadapi dengan senyuman!!,0,hadap senyum
Beri contoh kasus kadang contoh kasus kurang dipahami,0,beri contoh kasus kadang contoh kasus kurang paham
Cemumut Ibu,0,cemumut ibu
Selalu sabar dan tetap semangat bu!!! Cemungut,0,selalu sabar tetap semangat ibu semangat
"Tolong lebih detail dalam menjelaskan , diberi contoh, jangan secara umum",0,lebih rinci jelas beri contoh jangan cara umum
Sudah baik dalam Mengajar,2,baik ajar
Good,2,good
Sudah lebih baik,2,lebih baik
No Coment,1,no komentar
lebih Tepat waktu memulai perkuliahannya,0,lebih tepat waktu mulai kuliah
Kalau menjelaskan yang lebih detail dan harus bisa memberi solusi,0,kalau jelas lebih rinci harus beri solusi
Contoh pada materi yang disampaikan seharusnya lebih sederhana dan mudah di mengerti,0,contoh materi sampai lebih sederhana mudah erti
Ibunya sangat memehami materi dalam proses belajar mengajar bagus banget....,2,ibu sangat ham materi proses ajar ajar bagus sangat
"Tingkatkan Terus,metode sudah sangat baik",2,tingkat terus metode sangat baik
Dalam mengajar ibu sangat TOP BGT,2,ajar ibu sangat top begitu
Mungkin bisa ditambahkan beberapa jenis contohcontoh program pada setiap materi perkuliahan agar lebih variasi,0,mungkin tambah beberapa jenis contohcontoh program tiap materi kuliah lebih variasi
Perbanyak tugas untuk melatih kinerja mahasiswa,0,banyak tugas latih kerja mahasiswa
Lebih banyak memberikan contoh saat selesai menerangkan,0,lebih banyak beri contoh selesai terang
Tingkatkan Kwalitas Pembelajaran,0,tingkat kwalitas ajar
Terima Kasih,2,terima kasih
Perkuliahannya di tingkatkan,0,kuliah tingkat
Tidak ada komentar,1,ada komentar
The best buat pak ardi,2,the terbaik buat pak ardi
Saya harap bisa lebih baik lagi,0,harap lebih baik
Pertahankan Cemungut...cemungut...,1,tahan semangat semangat
Saran : Bapak yang sangat mendidik harus tetap dipertahankan pak,2,saran bapak sangat didik tetap tahan pak
Teruslah menjadi diri sendiri keep smile a arigato,2,terus jadi diri sendiri keep smile a terima kasih
Kalau bisa saat memberikan materi jangan terlalu cepat menjelaskan ....?,0,kalau saat beri materi jangan terlalu cepat jelas
"Cara dosen mengajar kurang dapat dimengerti/jelas cara belajar kurang efektif, perlu contoh yg leih jelas &mendetail; lagi",0,cara dosen ajar kurang erti jelas cara ajar kurang efektif perlu contoh yang leih jelas rinci
Lebih Jelas lagi pak jelasinnya..........hehehe.....,0,lebih jelas pak jelasinnya hehehe
Dosen Menjelaskan Terlalu Cepat,0,dosen jelas terlalu cepat
"Dalam menjelaskan agak terlalu cepat, penilaian semoga menguntungkan siswa",0,jelas terlalu cepat nilai moga untung siswa
Lanjutkan dan tingkatkan kualitas pembelajaran jangan ngasih tugas yang susahsusah,0,lanjut tingkat kualitas ajar jangan ngasih tugas susahsusah
Cara mengajar dosen kurang dapat di pahami,0,cara ajar dosen kurang di paham
Memahami kemampuan mahasiswa dlm menerima materi,0,paham mampu mahasiswa dalam terima materi
Masih bingung dalam menerapkan program,0,bingung terap program
"Lebih banyak lagi memeberi motivasi untuk mahasiswa, selalu tepat waktu",2,lebih banyak memeberi motivasi mahasiswa selalu tepat waktu
"Tepat waktu tidak pernah inhal, pemberian motivasi cukup membangun",2,tepat waktu pernah inhal beri motivasi cukup bangun
Selalu memberikan semangat belajar kepada para mahasiswa,2,selalu beri semangat ajar para mahasiswa
Dosen seharusnya lebih santai agar mahasiswa dapat mempelajarinya,0,dosen lebih santai mahasiswa ajar
dengan ini saya sarankan kepada ibu guru agar mengajarnya tdk terlalu serius,0,ini saran ibu guru ajar tdk terlalu serius
Ibu tolong terangkannya di kasi pelanpean bu....,0,ibu terang kasi pelanpean ibu
Ibu sangat kreativ jadi dosen,2,ibu sangat kreativ jadi dosen
Jangan terlalu cepat memberikan penjelasan,0,jangan terlalu cepat beri jelas
semangat!!,0,semangat
Ibu harus lebih baik dan lebih baik lagi good luck....!,0,ibu lebih baik lebih baik good luck
Mengajarnya jangan terlalu cepat,0,ajar jangan terlalu cepat
Tingkatkan,0,tingkat
Tingkatkan!!,0,tingkat
Lanjutkan,2,lanjut
Bagus mengajarnya dan tingkatkan,2,bagus ajar tingkat
Tugasnya jangan yang panjangpanjang bu !!,0,tugas jangan panjangpanjang ibu
Kurangi tugas,0,kurang tugas
"Cocok jd dosen logika inform, lucu dan memberikan materi dgn sabar & jelas.",2,cocok jd dosen logika inform lucu beri materi dengan sabar jelas
Karena mata kuliah bhs ind. mungkin bagi kebanyakan mhs kurang begitu menarik bagi kalangan jurusan t. inf. khususnya maka lebih kepada berikan pertanyaan pada mhs,0,mata kuliah bahasa ind mungkin banyak mhs kurang tarik kalang jurus t inf khusus lebih ikan tanya mhs
Ibu jgn galak2 dong kalo lagi ngajar,0,ibu jgn galak2 dong kalo ngajar
"Asik perkuliannya, disiplin waktu",2,asyik kuli disiplin waktu
Kasih banyak contoh bu !!,0,kasih banyak contoh ibu
"Cara mengajar sudah cukup bagus, lebih ditingkatkan .....",2,cara ajar cukup bagus lebih tingkat
Tolong bu bagiin hasil UTS.,0,ibu bagi hasil uts
Agar terus mengembangkan,0,terus kembang
Jangan ngasih banyak tugas,0,jangan ngasih banyak tugas
"Punten, bagikan hasil ujian.",0,punten hasil uji
Good !!,2,good
Pengajarannya gak usah terburu2 ya.,0,ajar gak usah terburu2
Lanjutkan....,2,lanjut
Tetap dipertahankan,2,tetap tahan
Bu tolong terangkannya pelan2.,0,ibu terang pelan2
Kasihan sama mahasiswa bu....,0,kasihan sama mahasiswa ibu
Memberikan contoh yg mudah dipahami.,0,beri contoh yang mudah paham
Ditingkatkan terus kualitas dosen pengajar agar akreditasinya naik  lus ciyuss lho,0,tingkat terus kualitas dosen ajar akreditasi naik lus sungguh lho
"Kalau menulis jangan terlalu cepat Bu, menjelaskannya juga terlalu cepat",0,kalau tulis jangan terlalu cepat ibu jelas terlalu cepat
Logika cool.....,2,logika keren
Tambah humoris lagi dong Bu...!,0,tambah humoris dong ibu
Good !!!,2,good
Dosen yg cool... pokoknya..,2,dosen yang keren pokok
"Ganbate  kudasai, Sensei",2,ganbate dasar sensei
Tingkatkan lagi prestasinya.,0,tingkat prestasi
"Joss !! Getar , membahana badai..",2,joss getar bahan badai
Maju terus !!!,2,maju terus
Getar membahana badai gelombang !!,2,getar bahan badai gelombang
Tingkatkan,0,tingkat
Ciyus...,2,sungguh
Best Dosen 2-112 !,2,terbaik dosen 2-112
Keep Istiqomah dalam menjalankan amanah sebagai seorang dosen.,2,keep istiqomah jalan amanah ibarat orang dosen
Sangat baik cara mengajarnya.,2,sangat baik cara ajar
Soal ujian akhirnya jangan susahsusah yaa bu...,0,soal uji akhir jangan susahsusah yaa ibu
Tetap ngajar di uad.,2,tetap ngajar uad
semangat buu,2,semangat ibu
Lanjutkan....,2,lanjut
Cukup baik bu... terimakasih,2,cukup baik ibu terimakasih
Cemungut...,2,semangat
Tolong Penjelasannya thd soal lbh jelas dan banyak.,0,jelas thd soal lbh jelas banyak
Berikan lebih banyak contoh.,0,ikan lebih banyak contoh
Siip keren,2,siip keren
"Dijelaskan dg praktiknya, spt maple, raptor, dll dlm mengajar.",0,jelas dengan praktik spt maple raptor dalam ajar
Tetap semangat ngajarnya,2,tetap semangat ngajarnya
Penyampaian materi di dlm kelas jgn terlalu cepat. ada bbrp mhs yg kurang bisa menangkap materi.,0,materi dalam kelas jgn terlalu cepat beberapa mhs yang kurang tangkap materi
Sangat memberi motivasi,2,sangat beri motivasi
Penyampaian materi sudah cukup baik.,2,materi cukup baik
"Jgn terlalu cepat, krn kadang mhs kurang memahami",0,jgn terlalu cepat krn kadang mhs kurang paham
Tetap,1,tetap
Cara mengajarnya bisa Masuk,2,cara ajar masuk
"Penyampaian materi mohon diperjelas, usahakan agar mhs cepat menagkap apa yg disampaikan",0,materi mohon jelas usaha mhs cepat menagkap apa yang
bikin gak mood !!,0,membuat gak mood
Bosen...,0,bosan
Gak asik banget,0,gak asyik sangat
Materi gak jelas,0,materi gak jelas
Kurang jelas dalam menyampiakan materi,0,kurang jelas menyampiakan materi
Bikin ngantuk,0,membuat ngantuk
Kurang jelas dalam menerangkan materi sehingga bikin bete,0,kurang jelas terang materi membuat bosan
No komen !!! Instrospeksi,0,no komen instrospeksi
Diet donk...!,0,diet donk
Dosen nggak jelas,0,dosen jelas
Tetap semangat & tetap tersenyum.,2,tetap semangat tetap senyum
 penggantikuliah yg kosong jangan tgl 31 desember  mau dolan kita semua....,0,penggantikuliah yang kosong jangan tgl 31 desember mau main-main semua
oke,2,oke
Bikin males alias ngantuk,0,membuat males alias ngantuk
Top banget,2,top sangat
sadis !!!,0,sadis
Tambah pusing bahasa inggrisnya,0,tambah pusing bahasa inggris
Bagus Lanjutkan Pak,2,bagus lanjut pak
hancur dah...,0,hancur dah
Terimakasih utk dosen Alin Tolong di tingkatkan,0,terimakasih utk dosen aljabar linear di tingkat
elok,2,elok
lanjutkan Pak,2,lanjut pak
"Dari pilihan saya , anda bisa menyimpulkan",1,pilih anda simpul
berikan contoh yg lebih banyak lagi,0,ikan contoh yang lebih banyak
terlalu sempurna untuk di komentari,2,terlalu sempurna di komentar
Mungkin untuk materi berbasa inggria lebih baik diterjemahkan untuk memudahkan mhs yg blm terlalu mahir bhs inggria,0,mungkin materi basa inggria lebih baik terjemah mudah mhs yang belum terlalu mahir bahasa inggria
Tingkatkan cara mengajarnya....,0,tingkat cara ajar
saya sangat suka dengan cara mengajar bapak,2,sangat suka cara ajar bapak
Perlu ditingkatkan agar lebih baik.,0,perlu tingkat lebih baik
Lanjutkan,2,lanjut
Lanjutkan...!!,2,lanjut
Slalu gunakan metode belajar saat ini karena mhs.menyukainya,2,slalu metode ajar ini mhs suka
Tingkatkan lagi....!!,0,tingkat
joos,2,joos
Penjelasan materi harap didetailkan dengancontohcontoh yg mudah dimengerti,0,jelas materi harap rinci dengancontohcontoh yang mudah erti
"Ibu itu kolok lg jelasin kita, ibu itu suka maksa dg kata lain kita belum setuju ibu sudah ya ya aja.",0,ibu kolok lg jelasin ibu suka maksa dengan kata kita tuju ibu ya saja
"Diusahakan tdk ada kuliah kosong, sehingga ada kuliah tambahan krn bagi saya kurang efektif kuliah malam hari.",0,usaha tdk kuliah kosong ada kuliah tambah krn saya kurang efektif kuliah malam hari
Terlalu ribet dlm menjelaskan suatu contoh.,0,terlalu ribet dalam jelas suatu contoh
Cukup Susah dimengerti ketika menjelaskan suatu contoh.,0,cukup susah erti jelas suatu contoh
Mengerti pelajaran tetapi susah menjawab soal.,0,erti ajar susah jawab soal
Ditingkatkan lagi cara penjelasannya.,0,tingkat cara jelas
"Kalau bisa lebih ditingkatkan, karena sekarang sudah bagus. MUANTAP",2,kalau lebih tingkat sekarang bagus muantap
Mantap,2,mantap
Cairkan suasana segingga kita tidak tegang,0,cair suasana segingga tidak tegang
Keren !!,2,keren
"Tingkatkan lagi bu, kalau bisa menampilkan slidenya lebih lama... cemungud bu",0,tingkat ibu kalau tampil slidenya lebih lama semangat ibu
Sebaiknya menciptakan suasana yang menyenangkan sehingga tidak terlalu tegang dalam berlangsungnya perkuliahan.,0,baik cipta suasana senang tidak terlalu tegang langsung kuliah
"Buatlah suasana kelas menjadi enjoy saat perkuliahan berlangsung, karena sering kali kelas terasa tegang saat perkuliahan berlangsung sehingga materi mudah diterima mahasiswa dengan baik.",0,buat suasana kelas jadi menikmati kuliah langsung sering kali kelas asa tegang kuliah langsung materi mudah terima mahasiswa baik
"Mungkin hanya terlalu cepat saja saat ibu mengajar, sebaiknya diperlambat supaya mahasiswa lebih mudah memahami materi",0,mungkin terlalu cepat saat ibu ajar baik lambat mahasiswa lebih mudah paham materi
"Buatlah suasana kelas dalam perkuliahan menjadi enjoy, karena sering kali suasana kelas terasas tegang",0,buat suasana kelas kuliah jadi menikmati sering kali suasana kelas asas tegang
"Cara menyampaikan materi bagus, tetapi agak membosankan",1,cara materi bagus agak bosan
Beri nilai yg terbaik bagi mhs biar cepat lulus,0,beri nilai yang baik mhs biar cepat lulus
Pilih yg terbaik untuk mhs tetap semangay untuk memberi nilai baik. Jangan menjadi musuh mhs,0,pilih yang baik mhs tetap semangay beri nilai baik jangan jadi musuh mhs
Apabila mengajar suasananya jangan menegangkan dan apabila ditanyai mahasiswa menjawabnya jangan terlalu sadis,0,apabila ajar suasana jangan tegang apabila tanya mahasiswa jawab jangan terlalu sadis
Jadilah teman buat mhs agar mereka dapat bahagiagia,0,jadi teman buat mhs mereka bahagia
Is the best pokoknya dosen wali yg paling baik,2,is the terbaik pokok dosen wali yang paling baik
kurang mengkondisikan kelas sehingga yg mudengmudeng banget yg enggakenggak banget,0,kurang kondisi kelas yang mudengmudeng sangat yang enggakenggak sangat
Buat suasana belajar lebih asik,0,buat suasana ajar lebih asyik
Good Job !,2,good job
Dalam Mengajar agak terlalu cepat mungkin bisa di perlambat sedikit supaya materi yang disampaikan tersampaikan kepada mahasiswa,0,ajar terlalu cepat mungkin di lambat sedikit materi sampai kepada mahasiswa
Sebaiknya ibu memberi bermacammacam contoh sehingga kita tidak kebalikbalik dengan beragam soal. dan jangan selalu memperhatikan yang pintarpintar terus.,0,baik ibu beri bermacammacam contoh kita kebalikbalik agama soal jangan selalu perhati pintarpintar terus
"Lebih meningkatkan minat belajar mahasiswa, agar mahasiswa lebih mudah memahami.",0,lebih tingkat minat ajar mahasiswa mahasiswa lebih mudah paham
"Jadikan suasana kelas jangan terlalu tegang sehingga dalam penyerapan materi dapat secara serius, santai.",0,jadi suasana kelas jangan terlalu tegang dalam serap materi cara serius santai
"Mohon diperhatikan dalam pemberian soal saat UTS karena kemrin sampai bisa salah soal , bukankah dlm pembuatan soal ada pengechekan terlebih dahulu ??",0,mohon perhati beri soal uts kemrin bisa salah soal bukan dalam buat soal pengechekan lebih
"Dosen dalam mengajar sudah baik, akan tetapi dalam memberikan contoh kurang begitu banyak sehingga kurang memahami.",1,dosen ajar baik tetapi beri contoh kurang banyak kurang paham
Lanjutkan !!!,2,lanjut
Jangan membedabedakan mahasiswa yang satu dengan yang lainnya,0,jangan membedabedakan mahasiswa satu yang
"Suasana kelas dibuat santai, jangan menegangkan.",0,suasana kelas buat santai jangan tegang
Ok !!!,2,
"Dosen memberikan materi dalam matakuliah cukup baik dan mudah untuk dimengerti, sehingga cukup untuk meningkatkan belajar para mahasiswa",2,dosen beri materi matakuliah cukup baik mudah erti cukup tingkat ajar mahasiswa
Tidak boleh pilih kasih,0,boleh pilih kasih
No coment !! dosen ini layak !!,2,no komentar dosen layak
Shipz,2,shipz
"Buat suasana yang menyenangkan dalam belajar, jangan membuat mahasiswa terlalu tegang",0,buat suasana senang ajar jangan buat mahasiswa terlalu tegang
Over all good performance !!,2,over all good performance
"Buat suasana dikelas menjadi nyaman dan menyenangkan saat kegiatan belajar, jangan membuat mahasiswa terlalu tegang.",0,buat suasana kelas jadi nyaman senang giat ajar jangan buat mahasiswa terlalu tegang
Beliau sebenarnya,1,beliau benar
"Akan lebih baik jika dalam perkuliahan diadakan diskusi, karena mata kuliah ini menyangkut etika dan penerapannya",0,lebih baik dalam kuliah diskusi mata kuliah sangkut etika terap
Jangan membedabedakan.,0,jangan membedabedakan
Perkuliahan etika sudah efektif joss !!,2,kuliah etika efektif joss
Saya tidak mengasih saran kepada ibu krn penjelasan ibu dan cara mengajar ibu sudah sangat baik,2,tidak kasih saran ibu krn jelas ibu cara ajar ibu sangat baik
Menjelaskan lebih menyeluruh,0,jelas lebih seluruh
Mohon untuk tidak terlambat !,0,mohon tidak lambat
Ayoo bu tambah semangat biar mhs juga ikutan semangat,0,ayo ibu tambah semangat biar mhs ikut semangat
baik dalam mengajar,2,baik ajar
Dosen lebih tegas mengecek absensi ulang,0,dosen lebih tegas ecek absensi ulang
Lanjutkan.......,2,lanjut
Semangat ....,0,semangat
Terus semangat bu !,0,terus semangat ibu
"Konsisten jika membuat kesepakatan, misal : keterlambatan mahasiswa 15 menit.",0,konsisten buat sepakat misal lambat mahasiswa 15 menit
Kalau bisa ada tugas prakteknya agar mahasiswa lebih paham tentang dunia kewirausahaan,0,kalau ada tugas praktek mahasiswa lebih paham dunia kewirausahaan
Jangan Pelitpelit nilai ya bu....,0,jangan pelitpelit nilai ibu
Banyak beri contoh dalam penjelasan materi,0,banyak beri contoh jelas materi
Mudahkan nilai bu...!,0,mudah nilai ibu
"Jika mengajar lebih aplikatif lagi... dengan berikan kasuskasus dilapangan yang real, jika perlu di tambah dengan tugas ke lapangan secara real...",0,ajar lebih aplikatif ikan kasuskasus lapang real perlu tambah dengan tugas lapang cara real
Dalam mengenal mahasiswa mohon jgn objektif dan monoton ituitu saja,0,kenal mahasiswa mohon jgn objektif monoton ituitu
Menjelaskan materi terlalu serius sehingga kurang menarik mahasiswa untuk memahami terlalu dalam,0,jelas materi terlalu serius kurang tarik mahasiswa paham terlalu
Semoga saya dapat nilai yang sangat baik,0,moga dapat nilai sangat baik
Semoga Kami Mendapat nilai yang bagus agar lulus di mata kuliah etika profesi,0,moga dapat nilai bagus lulus mata kuliah etika profesi
Ruang ber AC bu....,0,ruang ber ac ibu
Mencatatnya terlalu banyak,0,catat terlalu banyak
Tepat waktu,0,tepat waktu
Lebih baik lagi,0,lebih baik
agar ditingkatkan lagi,0,tingkat
sangat baik untuk memberikan materi kuliah,2,sangat baik beri materi kuliah
Penjelasan materi diharapkan jangan terlalu cepat,0,jelas materi harap jangan terlalu cepat
Selamat anda mendapat nilai 3-1,0,selamat dapat nilai 3-1
Still Fine,2,still fine
sudah cukup baik,2,cukup baik
Sudah cukup baik hanya perlu ditingkatkan lagi agar lebih baik,1,cukup baik perlu tingkat agar lebih baik
Perbaiki kekurangan  pertahankan yang baik,1,baik kurang tahan baik
"Lebih ditingkatkan lagi karena sekarang sdh bagus, good luck...",2,lebih tingkat karena sekarang sdh bagus good luck
sangat baik,2,sangat baik
Good job ,2,good job
mantap...!!!,2,mantap
semangat ibu dan tambah semangat dan terimakasih,0,semangat ibu tambah semangat terimakasih
"sangat menyenangkan Bu, suasana kelas menjadi lebih tenang tapi tetap serius dan mengasyikkan ....",2,sangat senang ibu suasana kelas jadi lebih tenang tetap serius asyik
Perfect !!!,2,perfect
Pak UAS nya tolong open book ya ??,1,pak uas nya open book
Nyalon jadi kaprodi aja Pak / open book,1,nyalon jadi kaprodi saja pak open book
Lanjutkan Pak!!,2,lanjut pak
Alhamdulillah bagus.,2,alhamdulilah bagus
"Sangat menarik dengan wejanganwejangandari bapak, yang neginspirasi. Terimakasih untuk kesabaran bapak membimbing angkatan 2-111",2,sangat tarik wejanganwejangandari bapak neginspirasi terimakasih sabar bapak bimbing angkat 2-111
Pada saat menjelaskan saya minta bapak untuk menjelaskan secara pelanpelan,0,saat jelas minta bapak jelas cara pelanpelan
Sedikit Ngantuk pak..,0,sedikit ngantuk pak
Contoh mengaplikasian dalam kehidupan seharihari!,0,contoh aplikasi hidup seharihari
Penjelasan tentang contoh soalnya pak...,0,jelas contoh soal pak
"Tingkatkan lagi proses mengajar, agar mahasiswa",0,tingkat proses ajar mahasiswa
Good Job Pak. Tambah guyonan ya pak kalo kuliah biar gak ngantuk,2,good job pak tambah guyon pak kalo kuliah biar gak ngantuk
"Penjelasan Materi dan contohcontoh soal terlalu cepat menjelaskannya, sehingga kurang dimengerti",0,jelas materi contohcontoh soal terlalu cepat jelas kurang erti
"Kalau senin pagi, jangan jam 7 pas dong pak mulainya setengah 8 kek.",0,kalau senin pagi jangan jam 7 pas dong pak mulai tengah 8 kek
Kurang Praktek,0,kurang praktek
Menjelaskan dengan mengitung ulang contoh yang ada/dijelaskan cara mengerjakan soal.,0,jelas mengitung ulang contoh ada jelas cara kerja soal
Terimakasih bapak yang telah ............,2,terimakasih bapak telah
ditambahkan permainanpermainan yang menarik pak.,0,tambah permainanpermainan tarik pak
Untuk kedepannya soalnya jangan susahsusah ya pak,0,depan soal jangan susahsusah pak
Pak soalnya jangan susahsusah ya ??,0,pak soal jangan susahsusah
Lebih di jelaskan lagi dengan jelas dan mengerjakan soal bersama.,0,lebih jelas dengan jelas kerja soal sama
Agar dipertegas dalam mengajar,0,tegas ajar
Lebih semangat lagi dalam proses belajarmengajar sehingga mahasiswanya juga ikutan semangat ya pak....,0,lebih semangat dalam proses belajarmengajar mahasiswa ikut semangat pak
Cara mengajarnya perlu diperbaiki lagi pak biar bisa menambah semangat belajar.,0,cara ajar perlu baik pak biar tambah semangat ajar
Mohon dimengerti mhs kalo memang ga paham jgn dipaksa lgsg paham dgn sesingkat ini,0,mohon erti mhs kalo memang ga paham jgn paksa lgsg paham dengan singkat
"Lanjutkan Kedisiplinan bapak moga"" mahasiswa bisa mengikuti kedisiplinan yang bapak terapkan dikehidupan bapak",2,lanjut disiplin bapak moga mahasiswa ikut disiplin bapak terap hidup bapak
metode pembelajaran yang kurang baik,0,metode ajar kurang baik
jangan bolos kami sudah bayar.,0,jangan bolos sudah bayar
"Lbh disiplin waktu perkuliahan, jika memang merencanakan jam kosong, hrp ngabari, agar mhs tdk sia2 dikampus.",0,lbh disiplin waktu kuliah memang rencana jam kosong hrp ngabari mhs tdk sia2 kampus
"Sebaiknya dosen mengembalikan tugas yg telah dikoreksi kpd mhs, agar mhs dpt mengetahui materi2 yg belum dikuasasi.",0,baik dosen tugas yang koreksi kpd mhs mhs dapat tahu materi2 yang asasi
metode mengajar paling buruk yg pernah ada di dunia Forum diskusi antar mhs tidak akan berpengaruh karena pengetahuan rata2 sama . Pesen harusnya menyajikan materi terlebih dahulu baru membuka forum diskusi,0,metode ajar paling buruk yang pernah di dunia forum diskusi antar mhs akan pengaruh tahu rata2 sama sen saji materi lebih baru buka forum diskusi
Mohon utk menampilkan contoh materi yg real agar mhs dpt secara mudah memahami. dan mhn berikan referensi spy kami bisa lebih mengejar materi yg serupa & berhub.,0,mohon utk tampil contoh materi yang real mhs dapat cara mudah paham mhn ikan referensi spy bisa lebih kejar materi yang rupa berhubungan
Suka...!,2,suka
Saya harap agar memahami mhs yg terbatas berpikir bukan hanya ada struktur data yg ada tugas yg juga perlu !!!,0,harap paham mhs yang batas pikir bukan struktur data yang ada tugas yang perlu
"Penyampaian materi yg sering tdk dimengerti, pemberian contoh yg jelas.",0,materi yang sering tdk erti beri contoh yang jelas
"Terus tingkatkan, tapi kalau mengajar jangan terlalu cepat...!!!",0,terus tingkat kalau ajar jangan terlalu cepat
Mohon utk menjelaskan materi yg ada dgn jelas krn mhs kurang begitu paham.,0,mohon utk jelas materi yang dengan jelas krn mhs kurang paham
Dalam menerangkan materi perkuliahan dimohon untuk tidak terlalu cepat..!!,0,terang materi kuliah mohon tidak terlalu cepat
Semangat,0,semangat
No Coment !!!,1,no komentar
Lebih banyak diberikan latihan soal.,0,lebih banyak beri latih soal
Semangat diajar bu el...,2,semangat ajar ibu el
Semangat 45 pak,0,semangat 45 pak
Terlalu disiplin bikin mahaiswa mudah bosan,0,terlalu disiplin membuat mahaiswa mudah bosan
tingkatkan,2,tingkat
"Lanjutkan, kuasai kelas dengan baik.",0,lanjut kuasa kelas baik
"Klu memang tdk  bisa datang harap menghubungi ketua kelas, sehingga kami tdk hrs menunggu tanpa kejelasan.",0,klu memang tdk datang harap hubung ketua kelas kami tdk hrs tunggu jelas
Lanjutkan !!!,2,lanjut
Bingung dosennya gantiganti Tapi tidak apaapa asal nilai mantap Kalau bisa dosennya ynag me0ap !!!,0,bingung dosen gantiganti tidak apaapa asal nilai mantap kalau dosen ynag me0ap
ngantuk buuu....,0,ngantuk ibu
kecerdasan buatan kelas D dosennya kurang banyak !!!!,0,cerdas buat kelas d dosen kurang banyak
jangan terlalu banyak paki dosen cadangan,0,jangan terlalu banyak paki dosen cadang
Hak mhs menuntut kebijakan tanggung jawabnya membayar kuliah,0,hak mhs tuntut bijak tanggung jawab bayar kuliah
Dosennya jangan gantiganti !!!!!,0,dosen jangan gantiganti
Pertahankan,2,tahan
"Cara mengatar terlalu cepat, terkadang mengerti terkadang tidak.",0,cara atar terlalu cepat terkadang erti terkadang
Mohon jika menjelaskan materi diperjelas.,0,mohon jelas materi jelas
Lanjutkan,2,lanjut
Perpaduan slide kurang menarik diperbaiki lagi,0,padu slide kurang tarik baik
Jangan terlalu cepat untuk menjelaskan materi,0,jangan terlalu cepat jelas materi
No Comment,1,no komentar
Pelajaran Fisika kurang efektif jika menggunakan Elearning.,0,ajar fisika kurang efektif guna e-learning
"Materi yg dijelaskan sudah baik, perbanyak soalsoal.",1,materi yang jelas baik banyak soalsoal
No coment,1,no komentar
Sudah sangat jelas dan sangat menguasai materi dan dlm sistem perkuliahan.,2,sangat jelas sangat kuasa materi dalam sistem kuliah
"Jangan seringsering ganti dosen, soalnya membuat mhs bingung mengikuti cara belajar dosen yg berbedabeda",0,jangan seringsering ganti dosen soal buat mhs bingung ikut cara ajar dosen yang berbedabeda
"Materinya terlalu banyak, Agak rumit dicerna....",0,materi terlalu banyak rumit cerna
kurang disiplin ! penguasaan materi bagus,0,kurang disiplin kuasa materi bagus
Dosen sdh cukup profesional dalam bidang pengajaran mata kuliah ini.,2,dosen sdh cukup profesional bidang ajar mata kuliah
Untuk lebih berurutan dalam menyajikan materi kuliah agar meningkatkan minat belajar mahasiswa,0,lebih rurut saji materi kuliah tingkat minat ajar mahasiswa
Saran saya sih gak usah cepet,0,saran sih gak usah cepat
Sudah cukup baik,2,cukup baik
Semangat 45 bu,0,semangat 45 ibu
Lebih tingkatkan cara mengajar yang mudah di pahami,0,lebih tingkat cara ajar mudah paham
Keep smile,2,keep smile
"Tingkatkan cara penjelasan bu, jangan terlalu cepat.",0,tingkat cara jelas ibu jangan terlalu cepat
Tingkatkan lagi cara mengajar yang simple jelas danmudah dimengerti para mahasiswa,0,tingkat cara ajar simple jelas mudah erti mahasiswa
Jangan seringsering kosong/diganti dosen lain karena membuat bingung mhs dalam beradaptasi dgn dosendosen yg berganti ganti dlm penyampaian materi,0,jangan seringsering kosong ganti dosen karena buat bingung mhs adaptasi dengan dosendosen yang ganti ganti dalam materi
Kegiatan pembelajaran sudah baik,2,giat ajar baik
Kalau memberi materi jangan terlalu keburuburu dan jangan terlalu cepat. diharapkan santai kalm,0,kalau beri materi jangan terlalu keburuburu jangan terlalu cepat harap santai kalm
Saat pembelajaran di tambahi sedikit humor,0,ajar tambah sedikit humor
Semoga bisa mengajar lebih baik lagi,0,moga ajar lebih baik
"Tetap semangat bu, walaupun jarak kampus 2 dan 3 cukup jauh. Semoga nambah rezeki amin...",0,tetap semangat ibu walaupun jarak kampus 2 3 cukup jauh moga nambah rezeki amin
Sebaiknya udah terlalu cepat dalam penyampaian materi,0,baik udah terlalu cepat sampai materi
Bersabar untuk meningkatkan semangat mahasiswa untuk lebih baik,0,sabar tingkat semangat mahasiswa lebih baik
Tugas TP AI bila ditentunkan hrsnya mhs dieri waktu pemahaman karena TP nya dicontohkan mhs hrs belajar lebih jauh materi yg blm diterangkan sehingga lebih sulit,0,tugas tp ai bila ditentukan hrsnya mhs diberi waktu paham tp nya contoh mhs hrs ajar lebih jauh materi yang belum terang lebih sulit
kurang joss,0,kurang joss
Sambil memberi materi kuliah juga harus ada sedikit guyinan agar tidak terlalu tegang dalam belajar,0,beri materi kuliah harus sedikit guyinan tidak terlalu tegang ajar
jadwal kepagian,0,jadwal pagi
gonta ganti dosen !!!!!,0,gonta ganti dosen
Jangan terlalu cepat untuk menyampaikan/menjelaskan matakuliah,0,jangan terlalu cepat sampai jelas matakuliah
Mohon dalam pemberian materi agak dipelankan karena mungkin masih ada mahasiswa yang kurang cepat menangkap materi tersebut,0,mohon beri materi pelan mungkin ada mahasiswa kurang cepat tangkap materi sebut
Tetap Semangat,0,tetap semangat
Makasih bu guru !!,2,makasih ibu guru
Good job! well done !,2,good job well selesai
Jangan seing terlambat ya buk!!,0,jangan seing lambat buka
The best,2,the terbaik
JOS,2,jos
Semoga....!,1,moga
Good !,2,good
Jgn Pelit nilai dong pak...hehehe,0,jgn pelit nilai dong pak hehehe
Asik loo bu !!,2,asyik loo ibu
Cukup nyaman...!!,2,cukup nyaman
Maju terus pantang mundur selalu bersemangat.,2,maju terus pantang mundur selalu semangat
Mantap!!!,2,mantap
Alur pembelajaran terlalu cepat,0,alur ajar terlalu cepat
Well Done,2,well selesai
Good Job !!,2,good job
Usaha yang baik dari ibu,2,usaha baik ibu
Lanjutkan,2,lanjut
Maju terus,2,maju terus
Latihan Soalnya di perbanyak lagi. pleace!,0,latih soal banyak pleace
"Tolong cari solusi bu, nuat jelasin pelajaran ke anakanak semacam saya (susah nangkap materi)",0,cari solusi ibu nuat jelasin ajar anakanak macam susah nangkap materi
Balikin hasil tugas kami.,0,balik hasil tugas
Terlalu sering memberi tugas sama mahasiswa akan membuat mahaiswa menjadi tidak ada nafsu masuk pada pelajaran tertentu/yang diajarkan,0,terlalu sering beri tugas sama mahasiswa buat mahaiswa jadi ada nafsu masuk ajar yang ajar
"Harus lebih tegas dalam mengajar, karena kelas kami kadangkadang berisik.",0,lebih tegas ajar kelas kadangkadang berisik
Lanjutkan !!,2,lanjut
Tolong berikan materi sebelum praktikum. pleace...,0,ikan materi praktikum pleace
Lanjutkan!,2,lanjut
Tingkatkan lagi cara mengajarnya dan cobalah untuk melakukan refresing dengan bercandacanda.,0,tingkat cara ajar coba laku refresing bercandacanda
"Cara mengajarnya sabar dan asyik, banyak materi kalkulus yang belum di jelaskan apakah karena ""waktu""?",2,cara ajar sabar asyik banyak materi kalkulus belum jelas karena waktu
"Jangan terlalu serius jika mengajar, jadinya mahasiswa itu cepat bosan... dan jangan terlalu kasih PR kami juga punya tugas lain, nanti numpuk.",0,jangan terlalu serius ajar jadi mahasiswa cepat bosan jangan terlalu kasih pr juga punya tugas nanti numpuk
Pertahankan prestasinya ya...,2,tahan prestasi
Materi pembelajaran kurang jelas. dan apa yang di inginkan mahasiswa. sebab materinya harus lebih terperinci.,0,materi ajar kurang jelas apa di mahasiswa materi lebih perinci
"Ilmu itu penting, menjelaskan dengan sabar ""bagus"" TAPI materi yang diberikan harus tuntas. Sudah bayar MAHAL materi kuliah harus diberikan semuanya walaupun mahasiswa kurang mengerti, namun materi itu utama.",0,ilmu penting jelas sabar bagus materi beri tuntas bayar mahal materi kuliah beri semua walaupun mahasiswa kurang erti materi utama
"Diharapkan kepada Dosen lebih bisa mengondisikan kelas jangan biarkan mahasiswa ngomong sendiri di saat menjelaskan/menerangkan materi kuliah, semoga mampu ...!",0,harap dosen lebih kondisi kelas jangan biar mahasiswa ngomong sendiri saat jelas terang materi kuliah moga mampu
Lebih dan perjelas dalam penyampaiannya,0,lebih jelas sampai
OK,2,
No Coment,1,no komentar
Lebih jelas dan jangan terlalu mutermuter jelasinnya,0,lebih jelas jangan terlalu mutermuter jelasinnya
Bu mohon penjelasnnya yang bisa di mengerti oleh mahasiswa. bu!,0,ibu mohon penjelasnnya bisa erti mahasiswa ibu
Ibu kalau ngajar yang santai dan jangan tersendatsendat dong.,0,ibu kalau ngajar santai jangan tersendatsendat dong
Kalau bisa nilai kami bagusbagus amin,1,kalau nilai bagusbagus amin
Tolonh soalsoal yng diberikan ditambah dan diberi jawaban yang jelas,0,tolonh soalsoal yng beri tambah beri jawab jelas
Soal UAS nya jangan susahsusah bu,1,soal uas nya jangan susahsusah ibu
Nilanya A semua,2,nila a semua
"Ibunya menjelaskan sangat jelas, Dosen yg baik",2,ibu jelas sangat jelas dosen yang baik
No kritik,2,no kritik
Dosen ku baik...!,2,dosen ku baik
Bagus...,2,bagus
Tingkatkan lagi cara mengajarnya,0,tingkat cara ajar
tingkatkan,0,tingkat
Good,2,good
"Sebaiknya waktu yng diberikan dalam perkuliahan lebih sedikit lama,karena waktu dari dosen kurang lama jadi kurang bisa membuat mhwa memahami materi",0,baik waktu yng beri kuliah lebih sedikit lama waktu dosen kurang lama jadi kurang buat mhwa paham materi
Jangan terlalu sering memberi Tugas !!,0,jangan terlalu sering beri tugas
No Coment ...!,1,no komentar
"untuk mapel ini, saya mengharapkan utk ada penambahan ja, dikarenakan banyak mhs. yang kurang memahami materi karena keterbatasan waktu",0,mapel saya harap utk tambah ja banyak mhs kurang paham materi batas waktu
Penyampaian materi dalam perkuliahan diperjelas lagi,0,materi kuliah jelas
Dosen memberikan materi dengan baik dan mudah dimengerti,2,dosen beri materi baik mudah erti
untuk datang lebih tepat waktu,0,datang lebih tepat waktu
Sudah lebih baik tapi perlu ditingkatkan lagi agar lebih baik,1,lebih baik perlu tingkat agar lebih baik
 No Saran/ kritik,1,no saran kritik
"Cara mengajar yng bagus, tidak bikin suntuk. Oke lah, menurut Saya",2,cara ajar yng bagus membuat suntuk oke lah turut
Ngajarnya pake senyum dong Pak biar tambah ganteng juga ,0,ngajarnya pake senyum dong pak biar tambah ganteng
lebih banyak latihan soal biar lebih menguassai materi saat pelajaran,0,lebih banyak latih soal biar lebih menguassai materi ajar
Noise atau intonasi suara saat mengajar lebih dikeraskan saja biar lebih jelas,0,noise intonasi suara ajar lebih keras biar lebih jelas
Memberikan latihan sebelum UTS/UAS,0,beri latih uts uas
Lebih Meningkatkan minat belajar mahasiswa,0,lebih tingkat minat ajar mahasiswa
Tingkatkan cara mengajar,0,tingkat cara ajar
kalau ngajar Bapak senyum dikit dong ....!!,0,kalau ngajar bapak senyum sedikit dong
Referensi ditambah yg bhs Indonesia ya Pak...!,0,referensi tambah yang bahasa indonesia pak
( Mungut Eah....!! Semangat....!1,0,mungut eah semangat 1
Beri mhs.Nilai baik jangan persulit Mhs.,0,beri mhs nilai baik jangan sulit mhs
Slide materi menggunakan bahasa indonesia...,0,slide materi bahasa indonesia
Jangan membuat mhs. tkut dengan anda,0,jangan buat mhs tkut anda
Mata kuliah ini sebenarnya sangat menarik tapi sayang bapaknya kurang ada interaksi dgn mhs jadi tidak jarang jika ada saja mhs yg tertidur karena mereka serasa didongengkan....,0,mata kuliah benar sangat tarik sayang bapak kurang interaksi dengan mhs jadi jarang ada mhs yang tidur mereka serasa dongeng
sip,2,sip
ok,2,
lanjutkan,2,lanjut
Saran aja Pak untuk perkuliahan berikutnya harus ada inovasi lagi biar mhs ga' tidur ga' bosen atau kabur peace Pak .....,0,saran saja pak kuliah ikut ada inovasi biar mhs ga tidur ga bosan kabur peace pak
"Bapak kalau mengajar terlalu monoton , jadi terkesan seperti sedang pidato/ceramah makanya mhs jadi kurang respect pada mata kuliah ini . Mhs uad dgn ugm berbeda Pak, maaf Pak",0,bapak kalau ajar terlalu monoton jadi kes sedang pidato ceramah makanya mhs jadi kurang respect mata kuliah mhs uad dengan ugm beda pak maaf pak
"Bapak kalau ngajar agak monoton kayak cuma pidato didepan doang, jadi temen2 yg denger banyak yg jadi bosen , Maaf hal ini yg kami rasakan selama bapak ngajar....",0,bapak kalau ngajar monoton kayak hanya pidato depan hanya jadi temen2 yang dengar banyak yang jadi bosan maaf ini yang rasa lama bapak ngajar
"Tepat waktu dong , lama nunggunya...",0,tepat waktu dong lama nunggunya
Lebih ditingkatkan lagi kalau adzan berhenti buk...,0,lebih tingkat kalau adzan henti buka
kurang tepat waktu tapi lumayan....,0,kurang tepat waktu lumayan
Tingkatkan ketepatan waktu,0,tingkat tepat waktu
" kenapa tak pernah datang tepat waktu ? pdhl waktu pertemuan I mhs dihimbau agr tdk ambil prak. seblm matkul ini agar tdk ada keterlambatan, tapi ketika pertemuan selanjutnya Ibu Ning sendiri yg selalu terlambat...",0,tak pernah datang tepat waktu pdhl waktu temu i mhs dihimbau agar tdk ambil prak seblm matkul agar tdk lambat ketika temu lanjut ibu ning sendiri yang selalu lambat
Ngangenin...,2,ngangenin
gemesin...,2,gemesin
Ibu Katanya pintar...,0,ibu kata pintar
Senyum itu indah...,0,senyum indah
Beri nilai yang baik !!,0,beri nilai baik
Tingkatkan ketepatan waktu,0,tingkat tepat waktu
Mohon jangan suka telat bu..!,0,mohon jangan suka telat ibu
No coment !!!,1,no komentar
waktu,1,waktu
Jangan sering kosong dobk Bu dan aharap masuk tepat waktu... Lanjutkan !!,0,jangan sering kosong dobk ibu harap masuk tepat waktu lanjut
Lanjutkan!!!,2,lanjut
Keep Spirit  !!!,2,keep spirit
Penyampaian materi kurang dimengerti....,0,materi kurang erti
Kasih nilai yang bagus ya Bu !!,1,kasih nilai bagus ibu
Mengajarnya lebih semangat lagiya bu jangan telat...,0,ajar lebih semangat lagiya ibu jangan telat
Kalo kasih soal jangan banyak2 dong !!!,0,kalo kasih soal jangan banyak dong
Tepat waktu dong,0,tepat waktu dong
dosen mutungan (ngambek). Smile pak,0,dosen mutung ngambek smile pak
Tingkatkan lagi,0,tingkat
Semangat...,0,semangat
Tingkatkan cara mengajar yang simpel dan mudah dimengerti...,0,tingkat cara ajar simpel mudah erti
Terlalu monoton dalam menjelaskan,0,terlalu monoton jelas
Pak Taufiq Cakep dah  ,2,pak taufiq ganteng dah
saya harapkan bpk dosen lebih memperhatikan para mhs. karena dalam proses belajar mengajar banyak mhs.yng kurang memperhatikan,0,harap bapak dosen lebih perhati mhs dalam proses ajar ajar banyak mhs yng kurang perhati
Tugas kurang banyaK,0,tugas kurang banyak
terimakasih atas ilmunya,2,terimakasih atas ilmu
Terimakasih atas ilmunya ....!,2,terimakasih atas ilmu
Dosen yang mengagumkan kami suka cara Anda mengajar...,2,dosen kagum suka cara ajar
Tidak/jarang memberikan jeda istirahat pada Mhs.,0,jarang beri jeda istirahat mhs
"Agar supaya meningkatkan cara mengajarnya , agar lebih baik..!",0,supaya tingkat cara ajar lebih baik
No komen !,1,no komen
bUAT DOSENNYA TETAP MEMPERTAHANKAN CARA MENGAJARNYA Tengs,2,buat dosen tetap tahan cara ajar tengs
Terlalu cepat dlm mengajar apalagi materi kalkulus menurut saya tidak bisa dipahami secara cepatcepat,0,terlalu cepat dalam ajar materi kalkulus turut tidak paham cara cepatcepat
Jelasin materinya pelenpelan ya bapak,0,jelasin materi pelenpelan bapak
dIMOHON DOSEN DAPAT LEBIH MENGUASAI KELAS SEHINGGA MHS DAPAT LEBIH MEMAHAMI MATERI YG DISAMPAIKAN oke,0,mohon dosen lebih kuasa kelas mhs lebih paham materi yang oke
"Bagi pak dosen agar lebih meningkatkan mutu belajar dan mengajar, sehingga mhs. mampu cepat &tanggap; dari materi yng diberikan",0,pak dosen lebih tingkat mutu ajar ajar mhs mampu cepat tanggap materi yng beri
Bapak terlalu cepat kalau menjelaskan materi,0,bapak terlalu cepat kalau jelas materi
berharap bapak lebih menguasai mahasiswa,0,harap bapak lebih kuasa mahasiswa
sEMANGAT UNTUK pAK tAUFIQ...,0,semangat pak taufiq
Kurang jelas dalam menjelaskan,0,kurang jelas jelas
"Kurangnya soal latihan, penyampaiannya terlalu cepat",0,kurang soal latih terlalu cepat
Menjelaskan materinya jangan terlalu cepat Pak,0,jelas materi jangan terlalu cepat pak
"Kalau ngajar jangan terlalu cepat Pak, ynglainnya sudah baik",1,kalau ngajar jangan terlalu cepat pak ynglainnya baik
Waktu menjelaskazn atau menerangkan terlalu cepat,0,waktu menjelaskazn terang terlalu cepat
terlalu cepat dalam menjelaskan,0,terlalu cepat jelas
"Cara menjelaskan jangan terlalu cepat,beri waktu utk memahami yng telah dijelaskan baru melanjutkan ke hal berikutnya",0,cara jelas jangan terlalu cepat beri waktu utk paham yng jelas baru lanjut hal ikut
Jangan terlalu cepat menjelaskan materi,0,jangan terlalu cepat jelas materi
Dalam menjelaskan mata kuliah terlalu cepat jadi saya lumayan sulit memahami,0,jelas mata kuliah terlalu cepat jadi lumayan sulit paham
good job,2,good job
cara menjelaskannya terlalu cepat dan saya sulit memahaminya,0,cara jelas terlalu cepat saya sulit paham
Jozz !!,2,jozz
"Lanjutkan, cetar membahana",2,lanjut gelegar bahan
Sanghat bagus,2,sanghat bagus
Dosen ini bagus,2,dosen bagus
Dalam menjelaskan materi jangan terlalu cepat,0,jelas materi jangan terlalu cepat
Tingkatkan,0,tingkat
Lebih cepat memberikan bahan/tmateri kuliah sehingga dapat dipelajari terlebih dahulu dirumah,0,lebih cepat beri bahan tmateri kuliah dapat ajar lebih rumah
Tolong menjelaskan materi dengan secara perlahan dan masuklah tepat waktu makasih,0,jelas materi cara perlahan masuk tepat waktu makasih
No Coment,1,no komentar
jangan selalu tunjuk mahasiswa untuk menjawab pertanyaan,0,jangan selalu tunjuk mahasiswa jawab tanya
Lanjutkan!!,2,lanjut
Dipertahankan!!,2,tahan
Kurangi menunjuknunjuk Mhs,0,kurang menunjuknunjuk mhs
Lebih mengurangi untuk menunjuknunjuk mahasiswa,0,lebih kurang menunjuknunjuk mahasiswa
Cara mengajarnya kurang baik dan penjelasannya kurang menguasai. diubah cara mengajarnya buk,0,cara ajar kurang baik jelas kurang kuasa ubah cara ajar buka
Jangan menunjuknunjuk,0,jangan menunjuknunjuk
dimohon masuk kelas tepat waktu kurangi menunjuknunjuk mahasiswa,0,mohon masuk kelas tepat waktu kurang menunjuknunjuk mahasiswa
"Dosen yg Jenius dan baik hati, dosen lain mesti ky gini ngajarnya biar mhs cepat lulus, bukan dipersulit.",2,dosen yang jenius baik hati dosen mesti ky gin ngajarnya biar mhs cepat lulus bukan sulit
Jangan terlambat memulai perkuliahan,0,jangan lambat mulai kuliah
Jangan selalu menunjuk mahasiswa,0,jangan selalu tunjuk mahasiswa
Mantab dan lanjutkan!!,2,mantab lanjut
Jangan menunjuk mahasiswa bu,0,jangan tunjuk mahasiswa ibu
Bapak sangat baik !!!,2,bapak sangat baik
no coment,1,no komentar
Jangan seringsering memberi pertanyaan dan tugas,0,jangan seringsering beri tanya tugas
sip,2,sip
No coment,1,no komentar
pertahankan,2,tahan
dosen ini menerangkan dengan baik tapi agak galak,2,dosen terang baik agak galak
Bu jam PKN nya lama bikin ngantuk,0,ibu jam pkn nya lama membuat ngantuk
no coment,1,no komentar
Mulai dan mengakhiri perkuliahan secara tepat waktu,0,mulai akhir kuliah cara tepat waktu
Jangan sering telat ya pak 11,0,jangan sering telat pak 11
Mengajar sudah baik dan harus tepat waktu,2,ajar baik harus tepat waktu
Keep Spirit,2,keep spirit
Lanjutkan !,2,lanjut
Kami mengharapkan agar dosen lebih sedikit tepat waktu .jika terlambat maka mohon pulangnya dipercepat,0,harap dosen lebih sedikit tepat waktu lambat mohon pulang cepat
Tambah semangat lagi bu dan Terima kasih atas kesabaran ibu...,2,tambah semangat ibu terima kasih atas sabar ibu
"Suadh cukup baik, tapi saya mau kuliahnya yang lebih dari cuman materi di kelas, selain presentasi",1,suadh cukup baik saya mau kuliah lebih hanya materi kelas presentasi
Sangat memuaskan dengan cara pengajaran ibu. Terimakasih karena ibu bersedia membimbing kami,2,sangat muas cara ajar ibu terimakasih ibu sedia bimbing
Sudah cukup baik dalam mengajarnya,2,cukup baik ajar
Cara mengajarnya bagus dan materinya sangat bermanfaat.,2,cara ajar bagus materi sangat manfaat
memberikan motivasi sebelum matakuliah berlangsung untuk menambah minat belajar mahasiswa,2,beri motivasi matakuliah langsung tambah minat ajar mahasiswa
